-- phpMyAdmin SQL Dump
-- version 4.8.3
-- https://www.phpmyadmin.net/
--
-- Host: 127.0.0.1
-- Generation Time: Feb 24, 2019 at 02:11 PM
-- Server version: 10.1.37-MariaDB
-- PHP Version: 7.2.12

SET SQL_MODE = "NO_AUTO_VALUE_ON_ZERO";
SET AUTOCOMMIT = 0;
START TRANSACTION;
SET time_zone = "+00:00";


/*!40101 SET @OLD_CHARACTER_SET_CLIENT=@@CHARACTER_SET_CLIENT */;
/*!40101 SET @OLD_CHARACTER_SET_RESULTS=@@CHARACTER_SET_RESULTS */;
/*!40101 SET @OLD_COLLATION_CONNECTION=@@COLLATION_CONNECTION */;
/*!40101 SET NAMES utf8mb4 */;

--
-- Database: `cictems2`
--

-- --------------------------------------------------------

--
-- Table structure for table `access_rights`
--

CREATE TABLE `access_rights` (
  `id` int(11) NOT NULL,
  `uID` int(11) NOT NULL,
  `modID` tinyint(4) NOT NULL
) ENGINE=InnoDB DEFAULT CHARSET=latin1;

--
-- Dumping data for table `access_rights`
--

INSERT INTO `access_rights` (`id`, `uID`, `modID`) VALUES
(3, 109, 2),
(4, 109, 20),
(5, 54, 25),
(7, 109, 14),
(8, 47, 25),
(9, 106, 2),
(10, 106, 20),
(11, 122, 2),
(12, 122, 20),
(13, 112, 2),
(14, 112, 20),
(15, 107, 2),
(16, 107, 20),
(17, 124, 13),
(18, 124, 4),
(20, 124, 25),
(23, 124, 14),
(24, 124, 21),
(25, 124, 18),
(26, 124, 20),
(27, 124, 22),
(28, 124, 19);

-- --------------------------------------------------------

--
-- Table structure for table `class`
--

CREATE TABLE `class` (
  `classID` int(11) NOT NULL,
  `termID` int(11) NOT NULL,
  `subID` int(11) NOT NULL,
  `roomID` int(11) NOT NULL,
  `facID` int(11) NOT NULL,
  `secID` int(11) NOT NULL,
  `dayID` int(11) NOT NULL,
  `classCode` varchar(15) NOT NULL,
  `timeIn` time NOT NULL,
  `timeOut` time NOT NULL,
  `merge_with` int(11) NOT NULL,
  `status` enum('unlocked','locked') NOT NULL,
  `date_submitted` timestamp NOT NULL DEFAULT CURRENT_TIMESTAMP ON UPDATE CURRENT_TIMESTAMP
) ENGINE=InnoDB DEFAULT CHARSET=latin1;

--
-- Dumping data for table `class`
--

INSERT INTO `class` (`classID`, `termID`, `subID`, `roomID`, `facID`, `secID`, `dayID`, `classCode`, `timeIn`, `timeOut`, `merge_with`, `status`, `date_submitted`) VALUES
(1, 54, 86, 25, 30, 53, 1, 'ENG111', '07:30:00', '08:30:00', 0, 'unlocked', '2019-02-23 05:57:31'),
(2, 54, 87, 25, 36, 53, 2, 'MAT112', '08:30:00', '10:00:00', 0, 'unlocked', '2019-02-23 05:57:31'),
(3, 54, 89, 34, 31, 53, 1, 'Physics111', '10:00:00', '11:00:00', 0, 'unlocked', '2019-02-23 05:57:32'),
(4, 54, 90, 34, 31, 53, 1, 'Physics111', '11:00:00', '12:00:00', 0, 'unlocked', '2019-02-23 05:57:32'),
(5, 54, 91, 34, 30, 53, 2, 'MAT113', '13:00:00', '14:30:00', 0, 'unlocked', '2019-02-23 05:57:32'),
(6, 54, 92, 34, 31, 53, 1, 'Psych111', '14:30:00', '15:30:00', 0, 'unlocked', '2019-02-23 05:57:32'),
(7, 54, 94, 30, 33, 53, 2, 'CpE-CompDs111', '15:30:00', '17:00:00', 0, 'unlocked', '2019-02-23 05:57:32'),
(8, 54, 97, 36, 28, 53, 1, 'CpE-ProgLo112', '17:00:00', '18:00:00', 0, 'unlocked', '2019-02-23 05:57:32'),
(9, 54, 98, 36, 28, 53, 1, 'CpE-ProgLo112', '18:00:00', '19:00:00', 0, 'unlocked', '2019-02-23 05:57:32'),
(10, 54, 100, 33, 35, 53, 2, 'Chem111', '17:00:00', '18:30:00', 0, 'unlocked', '2019-02-23 05:57:32'),
(11, 54, 101, 33, 35, 53, 2, 'Chem111', '18:30:00', '20:00:00', 0, 'unlocked', '2019-02-23 05:57:32'),
(12, 54, 103, 29, 30, 53, 1, 'NSTP111', '08:30:00', '09:30:00', 0, 'unlocked', '2019-02-23 05:57:32'),
(13, 54, 106, 26, 30, 53, 2, 'PE111', '10:00:00', '11:00:00', 0, 'unlocked', '2019-02-23 05:57:32'),
(14, 54, 86, 35, 30, 59, 1, 'ENG111', '11:00:00', '12:00:00', 0, 'unlocked', '2019-02-23 05:57:32'),
(15, 54, 87, 35, 36, 59, 2, 'MAT112', '13:00:00', '14:30:00', 0, 'unlocked', '2019-02-23 05:57:32'),
(16, 54, 89, 29, 36, 59, 1, 'Physics111', '14:30:00', '15:30:00', 0, 'unlocked', '2019-02-23 05:57:32'),
(17, 54, 90, 29, 36, 59, 1, 'Physics111', '15:30:00', '16:30:00', 0, 'unlocked', '2019-02-23 05:57:32'),
(18, 54, 91, 25, 36, 59, 2, 'MAT113', '16:30:00', '18:00:00', 0, 'unlocked', '2019-02-23 05:57:32'),
(19, 54, 92, 35, 31, 59, 1, 'Psych111', '18:00:00', '19:00:00', 0, 'unlocked', '2019-02-23 05:57:32'),
(20, 54, 94, 31, 33, 59, 2, 'CpE-CompDs111', '07:30:00', '09:00:00', 0, 'unlocked', '2019-02-23 05:57:32'),
(21, 54, 97, 33, 33, 59, 1, 'CpE-ProgLo112', '09:00:00', '10:00:00', 0, 'unlocked', '2019-02-23 05:57:32'),
(22, 54, 98, 33, 33, 59, 1, 'CpE-ProgLo112', '10:00:00', '11:00:00', 0, 'unlocked', '2019-02-23 05:57:32'),
(23, 54, 100, 32, 35, 59, 2, 'Chem111', '09:00:00', '10:30:00', 0, 'unlocked', '2019-02-23 05:57:32'),
(24, 54, 101, 32, 35, 59, 2, 'Chem111', '10:30:00', '12:00:00', 0, 'unlocked', '2019-02-23 05:57:32'),
(25, 54, 103, 29, 30, 59, 1, 'NSTP111', '13:00:00', '14:00:00', 0, 'unlocked', '2019-02-23 05:57:32'),
(26, 54, 106, 29, 37, 59, 2, 'PE111', '14:30:00', '15:30:00', 0, 'unlocked', '2019-02-23 05:57:32'),
(27, 54, 135, 32, 33, 55, 1, 'CAD211', '13:00:00', '14:00:00', 0, 'unlocked', '2019-02-23 05:57:32'),
(28, 54, 136, 32, 33, 55, 1, 'CAD211', '14:00:00', '15:00:00', 0, 'unlocked', '2019-02-23 05:57:32'),
(29, 54, 137, 32, 28, 55, 2, 'CpE-OOP211', '15:00:00', '16:30:00', 0, 'unlocked', '2019-02-23 05:57:32'),
(30, 54, 138, 32, 28, 55, 2, 'CpE-OOP211', '16:30:00', '18:00:00', 0, 'unlocked', '2019-02-23 05:57:32'),
(31, 54, 139, 35, 36, 55, 1, 'CpE-EC211', '07:30:00', '08:30:00', 0, 'unlocked', '2019-02-23 05:57:32'),
(32, 54, 140, 35, 36, 55, 1, 'CpE-EC211', '08:30:00', '09:30:00', 0, 'unlocked', '2019-02-23 05:57:32'),
(33, 54, 141, 34, 31, 55, 2, 'MAT211', '09:30:00', '11:00:00', 0, 'unlocked', '2019-02-23 05:57:32'),
(34, 54, 142, 29, 36, 55, 1, 'Hum211', '11:00:00', '12:00:00', 0, 'unlocked', '2019-02-23 05:57:32'),
(35, 54, 143, 29, 31, 55, 2, 'Socio211', '13:00:00', '14:30:00', 0, 'unlocked', '2019-02-23 05:57:32'),
(36, 54, 144, 25, 30, 55, 1, 'Filipino211', '15:00:00', '16:00:00', 0, 'unlocked', '2019-02-23 05:57:32'),
(37, 54, 145, 34, 30, 55, 2, 'PE211', '18:00:00', '19:00:00', 0, 'unlocked', '2019-02-23 05:57:32'),
(38, 54, 146, 36, 28, 55, 1, 'Ethics211', '09:30:00', '10:30:00', 0, 'unlocked', '2019-02-23 05:57:32'),
(39, 54, 163, 31, 28, 56, 1, 'CpE-SenS311', '13:00:00', '14:00:00', 0, 'unlocked', '2019-02-23 05:57:32'),
(40, 54, 164, 31, 28, 56, 1, 'CpE-SenS311', '14:00:00', '15:00:00', 0, 'unlocked', '2019-02-23 05:57:32'),
(41, 54, 165, 31, 0, 56, 2, 'CpE-LDes311', '15:00:00', '16:30:00', 0, 'unlocked', '2019-02-23 05:57:32'),
(42, 54, 166, 31, 0, 56, 2, 'CpE-LDes311', '16:30:00', '18:00:00', 0, 'unlocked', '2019-02-23 05:57:32'),
(43, 54, 167, 31, 28, 56, 1, 'CpE-Dat311', '07:30:00', '08:30:00', 0, 'unlocked', '2019-02-23 05:57:32'),
(44, 54, 168, 31, 28, 56, 1, 'CpE-Dat311', '08:30:00', '09:30:00', 0, 'unlocked', '2019-02-23 05:57:32'),
(45, 54, 169, 31, 35, 56, 1, 'CpE-Cont311', '09:30:00', '10:30:00', 0, 'unlocked', '2019-02-23 05:57:32'),
(46, 54, 170, 31, 35, 56, 1, 'CpE-Cont311', '10:30:00', '11:30:00', 0, 'unlocked', '2019-02-23 05:57:32'),
(47, 54, 171, 36, 33, 56, 2, 'CpE-Research311', '13:00:00', '14:30:00', 0, 'unlocked', '2019-02-23 05:57:32'),
(48, 54, 172, 35, 0, 56, 1, 'Filipino311', '15:00:00', '16:00:00', 0, 'unlocked', '2019-02-23 05:57:32'),
(49, 54, 173, 36, 28, 56, 2, 'CpE-Ele311', '18:00:00', '19:30:00', 0, 'unlocked', '2019-02-23 05:57:32'),
(50, 54, 174, 36, 28, 56, 2, 'CpE-Ele311', '19:30:00', '21:00:00', 0, 'unlocked', '2019-02-23 05:57:32'),
(51, 54, 175, 30, 0, 56, 1, 'CAD311', '16:00:00', '17:00:00', 0, 'unlocked', '2019-02-23 05:57:32'),
(52, 54, 176, 30, 0, 56, 1, 'CAD311', '17:00:00', '18:00:00', 0, 'unlocked', '2019-02-23 05:57:32'),
(53, 54, 189, 33, 35, 57, 2, 'CpE-AO411', '13:00:00', '14:30:00', 0, 'unlocked', '2019-02-23 05:57:32'),
(54, 54, 190, 33, 35, 57, 2, 'CpE-AO411', '14:30:00', '16:00:00', 0, 'unlocked', '2019-02-23 05:57:32'),
(55, 54, 191, 32, 35, 57, 1, 'CpE-ELE411', '16:00:00', '17:00:00', 0, 'unlocked', '2019-02-23 05:57:32'),
(56, 54, 192, 32, 35, 57, 1, 'CpE-ELE411', '17:00:00', '18:00:00', 0, 'unlocked', '2019-02-23 05:57:32'),
(57, 54, 195, 33, 28, 57, 2, 'CpE-DSP411', '07:30:00', '09:00:00', 0, 'unlocked', '2019-02-23 05:57:32'),
(58, 54, 196, 33, 28, 57, 2, 'CpE-DSP411', '09:00:00', '10:30:00', 0, 'unlocked', '2019-02-23 05:57:32'),
(59, 54, 198, 33, 0, 57, 1, 'CpE-ProjDe411', '13:00:00', '15:00:00', 0, 'unlocked', '2019-02-23 05:57:32'),
(60, 54, 199, 33, 0, 57, 1, 'CpE-ProjDe411', '15:00:00', '16:00:00', 0, 'unlocked', '2019-02-23 05:57:32'),
(61, 54, 202, 36, 0, 57, 2, 'CpE-Free-Ele411', '16:00:00', '17:30:00', 0, 'unlocked', '2019-02-23 05:57:32'),
(62, 54, 88, 29, 31, 49, 2, 'ENG111', '17:30:00', '19:00:00', 0, 'unlocked', '2019-02-23 05:57:32'),
(63, 54, 93, 34, 31, 49, 1, 'MAT112', '13:00:00', '14:00:00', 0, 'unlocked', '2019-02-23 05:57:32'),
(64, 54, 95, 0, 0, 49, 2, 'Physics111', '14:00:00', '15:30:00', 0, 'unlocked', '2019-02-23 05:57:32'),
(65, 54, 96, 0, 0, 49, 2, 'Physics111', '15:30:00', '16:00:00', 0, 'unlocked', '2019-02-23 05:57:32'),
(66, 54, 99, 25, 30, 49, 1, 'MAT113', '16:00:00', '17:00:00', 0, 'unlocked', '2019-02-23 05:57:32'),
(67, 54, 102, 29, 31, 49, 2, 'Psych111', '07:30:00', '09:00:00', 0, 'unlocked', '2019-02-23 05:57:32'),
(68, 54, 104, 26, 34, 49, 1, 'CS-COM111', '09:00:00', '09:40:00', 0, 'unlocked', '2019-02-23 05:57:32'),
(69, 54, 105, 26, 34, 49, 1, 'CS-COM111', '09:40:00', '10:00:00', 0, 'unlocked', '2019-02-23 05:57:32'),
(70, 54, 108, 36, 32, 49, 2, 'CS-Prog111', '10:00:00', '11:00:00', 0, 'unlocked', '2019-02-23 05:57:32'),
(71, 54, 109, 36, 32, 49, 2, 'CS-Prog111', '11:00:00', '11:30:00', 0, 'unlocked', '2019-02-23 05:57:32'),
(72, 54, 111, 35, 30, 49, 1, 'NSTP111', '14:00:00', '15:00:00', 0, 'unlocked', '2019-02-23 05:57:32'),
(73, 54, 113, 29, 30, 49, 2, 'PE111', '16:00:00', '17:00:00', 0, 'unlocked', '2019-02-23 05:57:32'),
(74, 54, 88, 29, 30, 50, 1, 'ENG111', '17:00:00', '18:00:00', 0, 'unlocked', '2019-02-23 05:57:32'),
(75, 54, 93, 25, 0, 50, 2, 'MAT112', '13:00:00', '14:30:00', 0, 'unlocked', '2019-02-23 05:57:32'),
(76, 54, 95, 34, 36, 50, 2, 'Physics111', '14:30:00', '16:00:00', 0, 'unlocked', '2019-02-23 05:57:32'),
(77, 54, 96, 34, 36, 50, 2, 'Physics111', '16:00:00', '16:30:00', 0, 'unlocked', '2019-02-23 05:57:32'),
(78, 54, 99, 34, 30, 50, 1, 'MAT113', '18:00:00', '19:00:00', 0, 'unlocked', '2019-02-23 05:57:32'),
(79, 54, 102, 35, 30, 50, 2, 'Psych111', '07:30:00', '09:00:00', 0, 'unlocked', '2019-02-23 05:57:32'),
(80, 54, 104, 0, 0, 50, 1, 'CS-COM111', '09:00:00', '09:40:00', 0, 'unlocked', '2019-02-23 05:57:32'),
(81, 54, 105, 0, 0, 50, 1, 'CS-COM111', '09:40:00', '10:00:00', 0, 'unlocked', '2019-02-23 05:57:32'),
(82, 54, 108, 0, 34, 50, 2, 'CS-Prog111', '10:00:00', '11:00:00', 0, 'unlocked', '2019-02-23 05:57:32'),
(83, 54, 109, 0, 34, 50, 2, 'CS-Prog111', '11:00:00', '11:30:00', 0, 'unlocked', '2019-02-23 05:57:32'),
(84, 54, 111, 35, 37, 50, 1, 'NSTP111', '13:00:00', '14:00:00', 0, 'unlocked', '2019-02-23 05:57:32'),
(85, 54, 113, 35, 37, 50, 2, 'PE111', '16:30:00', '17:30:00', 0, 'unlocked', '2019-02-23 05:57:32'),
(86, 54, 203, 30, 33, 61, 2, 'CS-CertExam411', '17:30:00', '19:00:00', 0, 'unlocked', '2019-02-23 05:57:32'),
(87, 54, 1, 35, 36, 25, 2, 'ENG111', '19:00:00', '20:30:00', 0, 'unlocked', '2019-02-23 05:57:32'),
(88, 54, 2, 25, 36, 25, 1, 'MAT1 12', '13:00:00', '14:00:00', 0, 'locked', '2019-02-23 06:01:43'),
(89, 54, 3, 0, 0, 25, 2, 'Physics111', '14:00:00', '15:30:00', 0, 'unlocked', '2019-02-23 05:57:32'),
(90, 54, 4, 0, 0, 25, 2, 'Physics111', '15:30:00', '16:00:00', 0, 'unlocked', '2019-02-23 05:57:32'),
(91, 54, 5, 34, 38, 25, 1, 'MAT113', '16:00:00', '17:00:00', 0, 'unlocked', '2019-02-23 05:57:32'),
(92, 54, 6, 0, 38, 25, 2, 'Psych111', '17:00:00', '18:30:00', 0, 'unlocked', '2019-02-23 05:57:32'),
(93, 54, 7, 30, 33, 25, 1, 'IT-Com111', '18:30:00', '19:10:00', 0, 'unlocked', '2019-02-23 05:57:32'),
(94, 54, 8, 30, 33, 25, 1, 'IT-Com111', '19:10:00', '19:30:00', 0, 'unlocked', '2019-02-23 05:57:32'),
(95, 54, 9, 36, 29, 25, 2, 'IT-Prog111', '07:30:00', '08:30:00', 0, 'unlocked', '2019-02-23 05:57:32'),
(96, 54, 10, 36, 29, 25, 2, 'IT-Prog111', '08:30:00', '09:00:00', 0, 'unlocked', '2019-02-23 05:57:32'),
(97, 54, 11, 34, 37, 25, 1, 'NSTP111', '09:00:00', '10:00:00', 0, 'unlocked', '2019-02-23 05:57:32'),
(98, 54, 12, 35, 37, 25, 2, 'PE111', '10:00:00', '11:00:00', 0, 'unlocked', '2019-02-23 05:57:32'),
(99, 54, 1, 25, 36, 26, 2, 'ENG111', '11:00:00', '12:30:00', 0, 'unlocked', '2019-02-23 05:57:32'),
(100, 54, 2, 0, 38, 26, 1, 'MAT1 12', '13:00:00', '14:00:00', 0, 'unlocked', '2019-02-23 05:57:32'),
(101, 54, 3, 0, 0, 26, 2, 'Physics111', '14:00:00', '15:30:00', 0, 'unlocked', '2019-02-23 05:57:32'),
(102, 54, 4, 0, 0, 26, 2, 'Physics111', '15:30:00', '16:00:00', 0, 'unlocked', '2019-02-23 05:57:32'),
(103, 54, 5, 35, 31, 26, 1, 'MAT113', '16:00:00', '17:00:00', 0, 'unlocked', '2019-02-23 05:57:32'),
(104, 54, 6, 0, 0, 26, 2, 'Psych111', '17:00:00', '18:30:00', 0, 'unlocked', '2019-02-23 05:57:32'),
(105, 54, 7, 26, 34, 26, 1, 'IT-Com111', '18:30:00', '19:10:00', 0, 'unlocked', '2019-02-23 05:57:32'),
(106, 54, 8, 26, 34, 26, 1, 'IT-Com111', '19:10:00', '19:30:00', 0, 'unlocked', '2019-02-23 05:57:32'),
(107, 54, 9, 30, 32, 26, 2, 'IT-Prog111', '07:30:00', '08:30:00', 0, 'unlocked', '2019-02-23 05:57:32'),
(108, 54, 10, 30, 32, 26, 2, 'IT-Prog111', '08:30:00', '09:00:00', 0, 'unlocked', '2019-02-23 05:57:32'),
(109, 54, 11, 0, 0, 26, 1, 'NSTP111', '09:00:00', '10:00:00', 0, 'unlocked', '2019-02-23 05:57:32'),
(110, 54, 12, 0, 0, 26, 2, 'PE111', '10:00:00', '11:00:00', 0, 'unlocked', '2019-02-23 05:57:32'),
(111, 54, 24, 26, 28, 29, 2, 'IT-DBms211', '13:00:00', '14:00:00', 0, 'unlocked', '2019-02-23 05:57:32'),
(112, 54, 25, 26, 28, 29, 2, 'IT-DBms211', '14:00:00', '14:30:00', 0, 'unlocked', '2019-02-23 05:57:32'),
(113, 54, 26, 26, 0, 29, 1, 'IT-Ele211', '14:30:00', '15:10:00', 0, 'unlocked', '2019-02-23 05:57:32'),
(114, 54, 27, 26, 0, 29, 1, 'IT-Ele211', '15:10:00', '15:30:00', 0, 'unlocked', '2019-02-23 05:57:32'),
(115, 54, 28, 0, 0, 29, 2, 'IT-Ele212', '15:30:00', '16:30:00', 0, 'unlocked', '2019-02-23 05:57:32'),
(116, 54, 29, 0, 0, 29, 2, 'IT-Ele212', '16:30:00', '17:00:00', 0, 'unlocked', '2019-02-23 05:57:32'),
(117, 54, 30, 35, 36, 29, 1, 'Hum211', '17:00:00', '18:00:00', 0, 'unlocked', '2019-02-23 05:57:32'),
(118, 54, 31, 25, 0, 29, 2, 'Socio211', '18:00:00', '19:30:00', 0, 'unlocked', '2019-02-23 05:57:32'),
(119, 54, 32, 30, 33, 29, 1, 'IT-Datstruct120', '07:30:00', '08:10:00', 0, 'unlocked', '2019-02-23 05:57:32'),
(120, 54, 33, 30, 33, 29, 1, 'IT-Datstruct120', '08:10:00', '08:30:00', 0, 'unlocked', '2019-02-23 05:57:32'),
(121, 54, 34, 0, 38, 29, 2, 'Filipino211', '08:30:00', '10:00:00', 0, 'unlocked', '2019-02-23 05:57:32'),
(122, 54, 35, 0, 0, 29, 2, 'PE211', '10:00:00', '11:00:00', 0, 'unlocked', '2019-02-23 05:57:32'),
(123, 54, 36, 25, 38, 29, 1, 'Ethics211', '11:00:00', '12:00:00', 0, 'unlocked', '2019-02-23 05:57:32'),
(124, 54, 24, 26, 29, 30, 1, 'IT-DBms211', '13:00:00', '13:40:00', 0, 'unlocked', '2019-02-23 05:57:32'),
(125, 54, 25, 26, 29, 30, 1, 'IT-DBms211', '13:40:00', '14:00:00', 0, 'unlocked', '2019-02-23 05:57:32'),
(126, 54, 26, 0, 0, 30, 2, 'IT-Ele211', '14:00:00', '15:00:00', 0, 'unlocked', '2019-02-23 05:57:32'),
(127, 54, 27, 0, 0, 30, 2, 'IT-Ele211', '15:00:00', '15:30:00', 0, 'unlocked', '2019-02-23 05:57:32'),
(128, 54, 28, 36, 29, 30, 1, 'IT-Ele212', '15:30:00', '16:10:00', 0, 'unlocked', '2019-02-23 05:57:32'),
(129, 54, 29, 36, 29, 30, 1, 'IT-Ele212', '16:10:00', '16:30:00', 0, 'unlocked', '2019-02-23 05:57:32'),
(130, 54, 30, 34, 0, 30, 2, 'Hum211', '16:30:00', '18:00:00', 0, 'unlocked', '2019-02-23 05:57:32'),
(131, 54, 31, 29, 38, 30, 1, 'Socio211', '18:00:00', '19:00:00', 0, 'unlocked', '2019-02-23 05:57:32'),
(132, 54, 32, 32, 0, 30, 2, 'IT-Datstruct120', '07:30:00', '08:30:00', 0, 'unlocked', '2019-02-23 05:57:32'),
(133, 54, 33, 32, 0, 30, 2, 'IT-Datstruct120', '08:30:00', '09:00:00', 0, 'unlocked', '2019-02-23 05:57:32'),
(134, 54, 34, 25, 31, 30, 1, 'Filipino211', '09:00:00', '10:00:00', 0, 'unlocked', '2019-02-23 05:57:32'),
(135, 54, 35, 0, 0, 30, 2, 'PE211', '10:00:00', '11:00:00', 0, 'unlocked', '2019-02-23 05:57:33'),
(136, 54, 36, 0, 0, 30, 1, 'Ethics211', '11:00:00', '12:00:00', 0, 'unlocked', '2019-02-23 05:57:33'),
(137, 54, 50, 32, 32, 33, 1, 'IT-ACTA311', '12:00:00', '13:00:00', 0, 'unlocked', '2019-02-23 05:57:33'),
(138, 54, 51, 31, 29, 33, 2, 'IT-SIA311', '13:00:00', '14:00:00', 0, 'unlocked', '2019-02-23 05:57:33'),
(139, 54, 52, 31, 29, 33, 2, 'IT-SIA311', '14:00:00', '14:30:00', 0, 'unlocked', '2019-02-23 05:57:33'),
(140, 54, 53, 0, 29, 33, 1, 'IT-IAS311', '14:30:00', '15:10:00', 0, 'unlocked', '2019-02-23 05:57:33'),
(141, 54, 54, 0, 29, 33, 1, 'IT-IAS311', '15:10:00', '15:30:00', 0, 'unlocked', '2019-02-23 05:57:33'),
(142, 54, 55, 0, 32, 33, 2, 'IT-APSDEV311', '15:30:00', '16:30:00', 0, 'unlocked', '2019-02-23 05:57:33'),
(143, 54, 56, 0, 32, 33, 2, 'IT-APSDEV311', '16:30:00', '17:00:00', 0, 'unlocked', '2019-02-23 05:57:33'),
(144, 54, 57, 31, 32, 33, 1, 'IT-Comotna311', '17:00:00', '18:00:00', 0, 'unlocked', '2019-02-23 05:57:33'),
(145, 54, 58, 32, 29, 33, 2, 'IT-PL301', '18:00:00', '19:00:00', 0, 'unlocked', '2019-02-23 05:57:33'),
(146, 54, 59, 32, 29, 33, 2, 'IT-PL301', '19:00:00', '19:30:00', 0, 'unlocked', '2019-02-23 05:57:33'),
(147, 54, 60, 34, 38, 33, 1, 'Filipino311', '07:30:00', '08:30:00', 0, 'unlocked', '2019-02-23 05:57:33'),
(148, 54, 61, 26, 0, 33, 2, 'IT-Free-Ele311', '08:30:00', '10:00:00', 0, 'unlocked', '2019-02-23 05:57:33'),
(149, 54, 50, 32, 32, 34, 1, 'IT-ACTA311', '10:00:00', '11:00:00', 0, 'unlocked', '2019-02-23 05:57:33'),
(150, 54, 51, 32, 32, 34, 2, 'IT-SIA311', '13:00:00', '14:00:00', 0, 'unlocked', '2019-02-23 05:57:33'),
(151, 54, 52, 32, 32, 34, 2, 'IT-SIA311', '14:00:00', '14:30:00', 0, 'unlocked', '2019-02-23 05:57:33'),
(152, 54, 53, 0, 35, 34, 1, 'IT-IAS311', '14:30:00', '15:10:00', 0, 'unlocked', '2019-02-23 05:57:33'),
(153, 54, 54, 0, 35, 34, 1, 'IT-IAS311', '15:10:00', '15:30:00', 0, 'unlocked', '2019-02-23 05:57:33'),
(154, 54, 55, 0, 0, 34, 2, 'IT-APSDEV311', '15:30:00', '16:30:00', 0, 'unlocked', '2019-02-23 05:57:33'),
(155, 54, 56, 0, 0, 34, 2, 'IT-APSDEV311', '16:30:00', '17:00:00', 0, 'unlocked', '2019-02-23 05:57:33'),
(156, 54, 57, 33, 29, 34, 1, 'IT-Comotna311', '17:00:00', '18:00:00', 0, 'unlocked', '2019-02-23 05:57:33'),
(157, 54, 58, 0, 0, 34, 2, 'IT-PL301', '18:00:00', '19:00:00', 0, 'unlocked', '2019-02-23 05:57:33'),
(158, 54, 59, 0, 0, 34, 2, 'IT-PL301', '19:00:00', '19:30:00', 0, 'unlocked', '2019-02-23 05:57:33'),
(159, 54, 60, 29, 31, 34, 1, 'Filipino311', '07:30:00', '08:30:00', 0, 'unlocked', '2019-02-23 05:57:33'),
(160, 54, 61, 0, 0, 34, 2, 'IT-Free-Ele311', '08:30:00', '10:00:00', 0, 'unlocked', '2019-02-23 05:57:33'),
(161, 54, 75, 0, 33, 37, 2, 'IT-Free-ELe411', '10:00:00', '11:00:00', 0, 'unlocked', '2019-02-23 05:57:33'),
(162, 54, 76, 0, 33, 37, 2, 'IT-Free-ELe411', '11:00:00', '11:30:00', 0, 'unlocked', '2019-02-23 05:57:33'),
(163, 54, 77, 36, 32, 37, 1, 'IT-SysAd411', '13:00:00', '14:00:00', 0, 'unlocked', '2019-02-23 05:57:33'),
(164, 54, 78, 0, 0, 37, 2, 'IT-Capstone411', '14:00:00', '18:30:00', 0, 'unlocked', '2019-02-23 05:57:33'),
(165, 54, 79, 32, 0, 37, 1, 'IT-ELe411', '18:30:00', '19:10:00', 0, 'unlocked', '2019-02-23 05:57:33'),
(166, 54, 80, 32, 0, 37, 1, 'IT-ELe411', '19:10:00', '19:30:00', 0, 'unlocked', '2019-02-23 05:57:33'),
(167, 54, 81, 34, 0, 37, 2, 'IT-CertExam411', '07:30:00', '09:00:00', 0, 'unlocked', '2019-02-23 05:57:33'),
(168, 54, 75, 0, 29, 38, 2, 'IT-Free-ELe411', '09:00:00', '10:00:00', 0, 'unlocked', '2019-02-23 05:57:33'),
(169, 54, 76, 0, 29, 38, 2, 'IT-Free-ELe411', '10:00:00', '10:30:00', 0, 'unlocked', '2019-02-23 05:57:33'),
(170, 54, 77, 36, 28, 38, 1, 'IT-SysAd411', '10:30:00', '11:30:00', 0, 'unlocked', '2019-02-23 05:57:33'),
(171, 54, 78, 0, 0, 38, 2, 'IT-Capstone411', '13:00:00', '17:30:00', 0, 'unlocked', '2019-02-23 05:57:33'),
(172, 54, 79, 0, 0, 38, 1, 'IT-ELe411', '17:30:00', '18:10:00', 0, 'unlocked', '2019-02-23 05:57:33'),
(173, 54, 80, 0, 0, 38, 1, 'IT-ELe411', '18:10:00', '18:30:00', 0, 'unlocked', '2019-02-23 05:57:33'),
(174, 54, 81, 0, 0, 38, 2, 'IT-CertExam411', '07:30:00', '09:00:00', 0, 'unlocked', '2019-02-23 05:57:33'),
(175, 62, 1, 29, 31, 25, 1, 'ENG111', '07:30:00', '08:30:00', 0, 'unlocked', '2019-02-23 06:02:08'),
(176, 62, 2, 35, 30, 25, 2, 'MAT1 12', '08:30:00', '10:00:00', 0, 'unlocked', '2019-02-23 06:02:08'),
(177, 62, 3, 25, 36, 25, 2, 'Physics111', '10:00:00', '11:30:00', 0, 'unlocked', '2019-02-23 06:02:08'),
(178, 62, 4, 25, 36, 25, 2, 'Physics111', '11:30:00', '12:00:00', 0, 'unlocked', '2019-02-23 06:02:08'),
(179, 62, 5, 29, 30, 25, 1, 'MAT113', '13:00:00', '14:00:00', 0, 'unlocked', '2019-02-23 06:02:08'),
(180, 62, 6, 29, 36, 25, 2, 'Psych111', '14:00:00', '15:30:00', 0, 'unlocked', '2019-02-23 06:02:08'),
(181, 62, 7, 32, 28, 25, 1, 'IT-Com111', '15:30:00', '16:10:00', 0, 'unlocked', '2019-02-23 06:02:08'),
(182, 62, 8, 32, 28, 25, 1, 'IT-Com111', '16:10:00', '16:30:00', 0, 'unlocked', '2019-02-23 06:02:08'),
(183, 62, 9, 32, 34, 25, 2, 'IT-Prog111', '16:30:00', '17:30:00', 0, 'unlocked', '2019-02-23 06:02:08'),
(184, 62, 10, 32, 34, 25, 2, 'IT-Prog111', '17:30:00', '18:00:00', 0, 'unlocked', '2019-02-23 06:02:08'),
(185, 62, 11, 34, 30, 25, 1, 'NSTP111', '18:00:00', '19:00:00', 0, 'unlocked', '2019-02-23 06:02:08'),
(186, 62, 12, 26, 30, 25, 2, 'PE111', '07:30:00', '08:30:00', 0, 'unlocked', '2019-02-23 06:02:08'),
(187, 62, 1, 29, 31, 26, 2, 'ENG111', '08:30:00', '10:00:00', 0, 'unlocked', '2019-02-23 06:02:08'),
(188, 62, 2, 25, 38, 26, 1, 'MAT1 12', '10:00:00', '11:00:00', 0, 'unlocked', '2019-02-23 06:02:08'),
(189, 62, 3, 25, 30, 26, 2, 'Physics111', '13:00:00', '14:30:00', 0, 'unlocked', '2019-02-23 06:02:08'),
(190, 62, 4, 25, 30, 26, 2, 'Physics111', '14:30:00', '15:00:00', 0, 'unlocked', '2019-02-23 06:02:08'),
(191, 62, 5, 25, 38, 26, 1, 'MAT113', '15:00:00', '16:00:00', 0, 'unlocked', '2019-02-23 06:02:08'),
(192, 62, 6, 34, 30, 26, 2, 'Psych111', '16:00:00', '17:30:00', 0, 'unlocked', '2019-02-23 06:02:08'),
(193, 62, 7, 36, 32, 26, 1, 'IT-Com111', '17:30:00', '18:10:00', 0, 'unlocked', '2019-02-23 06:02:08'),
(194, 62, 8, 36, 32, 26, 1, 'IT-Com111', '18:10:00', '18:30:00', 0, 'unlocked', '2019-02-23 06:02:08'),
(195, 62, 9, 30, 34, 26, 2, 'IT-Prog111', '10:00:00', '11:00:00', 0, 'unlocked', '2019-02-23 06:02:08'),
(196, 62, 10, 30, 34, 26, 2, 'IT-Prog111', '11:00:00', '11:30:00', 0, 'unlocked', '2019-02-23 06:02:08'),
(197, 62, 11, 34, 37, 26, 1, 'NSTP111', '13:00:00', '14:00:00', 0, 'unlocked', '2019-02-23 06:02:08'),
(198, 62, 12, 26, 30, 26, 2, 'PE111', '15:00:00', '16:00:00', 0, 'unlocked', '2019-02-23 06:02:08'),
(199, 62, 24, 30, 29, 29, 2, 'IT-DBms211', '13:00:00', '14:00:00', 0, 'unlocked', '2019-02-23 06:02:08'),
(200, 62, 25, 30, 29, 29, 2, 'IT-DBms211', '14:00:00', '14:30:00', 0, 'unlocked', '2019-02-23 06:02:08'),
(201, 62, 26, 36, 33, 29, 1, 'IT-Ele211', '14:30:00', '15:10:00', 0, 'unlocked', '2019-02-23 06:02:08'),
(202, 62, 27, 36, 33, 29, 1, 'IT-Ele211', '15:10:00', '15:30:00', 0, 'unlocked', '2019-02-23 06:02:08'),
(203, 62, 28, 31, 28, 29, 2, 'IT-Ele212', '15:30:00', '16:30:00', 0, 'unlocked', '2019-02-23 06:02:08'),
(204, 62, 29, 31, 28, 29, 2, 'IT-Ele212', '16:30:00', '17:00:00', 0, 'unlocked', '2019-02-23 06:02:08'),
(205, 62, 30, 25, 31, 29, 1, 'Hum211', '17:00:00', '18:00:00', 0, 'unlocked', '2019-02-23 06:02:08'),
(206, 62, 31, 25, 38, 29, 2, 'Socio211', '18:00:00', '19:30:00', 0, 'unlocked', '2019-02-23 06:02:08'),
(207, 62, 32, 26, 28, 29, 1, 'IT-Datstruct120', '07:30:00', '08:10:00', 0, 'unlocked', '2019-02-23 06:02:08'),
(208, 62, 33, 26, 28, 29, 1, 'IT-Datstruct120', '08:10:00', '08:30:00', 0, 'unlocked', '2019-02-23 06:02:08'),
(209, 62, 34, 34, 36, 29, 2, 'Filipino211', '08:30:00', '10:00:00', 0, 'unlocked', '2019-02-23 06:02:08'),
(210, 62, 35, 26, 30, 29, 2, 'PE211', '10:00:00', '11:00:00', 0, 'unlocked', '2019-02-23 06:02:08'),
(211, 62, 36, 34, 30, 29, 1, 'Ethics211', '11:00:00', '12:00:00', 0, 'unlocked', '2019-02-23 06:02:08'),
(212, 62, 24, 36, 34, 30, 1, 'IT-DBms211', '13:00:00', '13:40:00', 0, 'unlocked', '2019-02-23 06:02:08'),
(213, 62, 25, 36, 34, 30, 1, 'IT-DBms211', '13:40:00', '14:00:00', 0, 'unlocked', '2019-02-23 06:02:08'),
(214, 62, 26, 32, 33, 30, 2, 'IT-Ele211', '14:00:00', '15:00:00', 0, 'unlocked', '2019-02-23 06:02:08'),
(215, 62, 27, 32, 33, 30, 2, 'IT-Ele211', '15:00:00', '15:30:00', 0, 'unlocked', '2019-02-23 06:02:08'),
(216, 62, 28, 31, 33, 30, 1, 'IT-Ele212', '15:30:00', '16:10:00', 0, 'unlocked', '2019-02-23 06:02:08'),
(217, 62, 29, 31, 33, 30, 1, 'IT-Ele212', '16:10:00', '16:30:00', 0, 'unlocked', '2019-02-23 06:02:08'),
(218, 62, 30, 25, 31, 30, 2, 'Hum211', '16:30:00', '18:00:00', 0, 'unlocked', '2019-02-23 06:02:08'),
(219, 62, 31, 29, 38, 30, 1, 'Socio211', '18:00:00', '19:00:00', 0, 'unlocked', '2019-02-23 06:02:09'),
(220, 62, 32, 32, 29, 30, 2, 'IT-Datstruct120', '07:30:00', '08:30:00', 0, 'unlocked', '2019-02-23 06:02:09'),
(221, 62, 33, 32, 29, 30, 2, 'IT-Datstruct120', '08:30:00', '09:00:00', 0, 'unlocked', '2019-02-23 06:02:09'),
(222, 62, 34, 35, 30, 30, 1, 'Filipino211', '09:00:00', '10:00:00', 0, 'unlocked', '2019-02-23 06:02:09'),
(223, 62, 35, 35, 37, 30, 2, 'PE211', '10:00:00', '11:00:00', 0, 'unlocked', '2019-02-23 06:02:09'),
(224, 62, 36, 35, 31, 30, 1, 'Ethics211', '11:00:00', '12:00:00', 0, 'unlocked', '2019-02-23 06:02:09'),
(225, 62, 50, 36, 32, 33, 1, 'IT-ACTA311', '12:00:00', '13:00:00', 0, 'unlocked', '2019-02-23 06:02:09'),
(226, 62, 51, 33, 32, 33, 2, 'IT-SIA311', '13:00:00', '14:00:00', 0, 'unlocked', '2019-02-23 06:02:09'),
(227, 62, 52, 33, 32, 33, 2, 'IT-SIA311', '14:00:00', '14:30:00', 0, 'unlocked', '2019-02-23 06:02:09'),
(228, 62, 53, 32, 32, 33, 1, 'IT-IAS311', '14:30:00', '15:10:00', 0, 'unlocked', '2019-02-23 06:02:09'),
(229, 62, 54, 32, 32, 33, 1, 'IT-IAS311', '15:10:00', '15:30:00', 0, 'unlocked', '2019-02-23 06:02:09'),
(230, 62, 55, 33, 35, 33, 2, 'IT-APSDEV311', '15:30:00', '16:30:00', 0, 'unlocked', '2019-02-23 06:02:09'),
(231, 62, 56, 33, 35, 33, 2, 'IT-APSDEV311', '16:30:00', '17:00:00', 0, 'unlocked', '2019-02-23 06:02:09'),
(232, 62, 57, 33, 33, 33, 1, 'IT-Comotna311', '17:00:00', '18:00:00', 0, 'unlocked', '2019-02-23 06:02:09'),
(233, 62, 58, 31, 33, 33, 2, 'IT-PL301', '18:00:00', '19:00:00', 0, 'unlocked', '2019-02-23 06:02:09'),
(234, 62, 59, 31, 33, 33, 2, 'IT-PL301', '19:00:00', '19:30:00', 0, 'unlocked', '2019-02-23 06:02:09'),
(235, 62, 60, 34, 30, 33, 1, 'Filipino311', '07:30:00', '08:30:00', 0, 'unlocked', '2019-02-23 06:02:09'),
(236, 62, 61, 36, 33, 33, 2, 'IT-Free-Ele311', '08:30:00', '10:00:00', 0, 'unlocked', '2019-02-23 06:02:09'),
(237, 62, 50, 36, 29, 34, 1, 'IT-ACTA311', '10:00:00', '11:00:00', 0, 'unlocked', '2019-02-23 06:02:09'),
(238, 62, 51, 31, 35, 34, 2, 'IT-SIA311', '13:00:00', '14:00:00', 0, 'unlocked', '2019-02-23 06:02:09'),
(239, 62, 52, 31, 35, 34, 2, 'IT-SIA311', '14:00:00', '14:30:00', 0, 'unlocked', '2019-02-23 06:02:09'),
(240, 62, 53, 31, 28, 34, 1, 'IT-IAS311', '14:30:00', '15:10:00', 0, 'unlocked', '2019-02-23 06:02:09'),
(241, 62, 54, 31, 28, 34, 1, 'IT-IAS311', '15:10:00', '15:30:00', 0, 'unlocked', '2019-02-23 06:02:09'),
(242, 62, 55, 36, 32, 34, 2, 'IT-APSDEV311', '15:30:00', '16:30:00', 0, 'unlocked', '2019-02-23 06:02:09'),
(243, 62, 56, 36, 32, 34, 2, 'IT-APSDEV311', '16:30:00', '17:00:00', 0, 'unlocked', '2019-02-23 06:02:09'),
(244, 62, 57, 32, 29, 34, 1, 'IT-Comotna311', '17:00:00', '18:00:00', 0, 'unlocked', '2019-02-23 06:02:09'),
(245, 62, 58, 32, 35, 34, 2, 'IT-PL301', '18:00:00', '19:00:00', 0, 'unlocked', '2019-02-23 06:02:09'),
(246, 62, 59, 32, 35, 34, 2, 'IT-PL301', '19:00:00', '19:30:00', 0, 'unlocked', '2019-02-23 06:02:09'),
(247, 62, 60, 25, 38, 34, 1, 'Filipino311', '07:30:00', '08:30:00', 0, 'unlocked', '2019-02-23 06:02:09'),
(248, 62, 61, 31, 28, 34, 2, 'IT-Free-Ele311', '08:30:00', '10:00:00', 0, 'unlocked', '2019-02-23 06:02:09'),
(249, 62, 75, 32, 28, 37, 2, 'IT-Free-ELe411', '10:00:00', '11:00:00', 0, 'unlocked', '2019-02-23 06:02:09'),
(250, 62, 76, 32, 28, 37, 2, 'IT-Free-ELe411', '11:00:00', '11:30:00', 0, 'unlocked', '2019-02-23 06:02:09'),
(251, 62, 77, 32, 32, 37, 1, 'IT-SysAd411', '13:00:00', '14:00:00', 0, 'unlocked', '2019-02-23 06:02:09'),
(252, 62, 78, 35, 0, 37, 2, 'IT-Capstone411', '14:00:00', '18:30:00', 0, 'unlocked', '2019-02-23 06:02:09'),
(253, 62, 79, 32, 33, 37, 1, 'IT-ELe411', '18:30:00', '19:10:00', 0, 'unlocked', '2019-02-23 06:02:09'),
(254, 62, 80, 32, 33, 37, 1, 'IT-ELe411', '19:10:00', '19:30:00', 0, 'unlocked', '2019-02-23 06:02:09'),
(255, 62, 81, 25, 38, 37, 2, 'IT-CertExam411', '07:30:00', '09:00:00', 0, 'unlocked', '2019-02-23 06:02:09'),
(256, 62, 75, 26, 28, 38, 1, 'IT-Free-ELe411', '09:00:00', '09:40:00', 0, 'unlocked', '2019-02-23 06:02:09'),
(257, 62, 76, 26, 28, 38, 1, 'IT-Free-ELe411', '09:40:00', '10:00:00', 0, 'unlocked', '2019-02-23 06:02:09'),
(258, 62, 77, 36, 33, 38, 2, 'IT-SysAd411', '10:00:00', '11:30:00', 0, 'unlocked', '2019-02-23 06:02:09'),
(259, 62, 78, 35, 31, 38, 1, 'IT-Capstone411', '13:00:00', '16:00:00', 0, 'unlocked', '2019-02-23 06:02:09'),
(260, 62, 79, 0, 29, 38, 2, 'IT-ELe411', '16:00:00', '17:00:00', 0, 'unlocked', '2019-02-23 06:02:09'),
(261, 62, 80, 0, 29, 38, 2, 'IT-ELe411', '17:00:00', '17:30:00', 0, 'unlocked', '2019-02-23 06:02:09'),
(262, 62, 81, 35, 36, 38, 1, 'IT-CertExam411', '17:30:00', '18:30:00', 0, 'unlocked', '2019-02-23 06:02:09');

-- --------------------------------------------------------

--
-- Table structure for table `counter`
--

CREATE TABLE `counter` (
  `countID` int(11) NOT NULL,
  `module` varchar(15) NOT NULL,
  `termID` int(11) NOT NULL,
  `total` int(11) NOT NULL
) ENGINE=InnoDB DEFAULT CHARSET=latin1;

--
-- Dumping data for table `counter`
--

INSERT INTO `counter` (`countID`, `module`, `termID`, `total`) VALUES
(6, 'fees', 24, 0),
(7, 'enrol_studs', 24, 0),
(8, 'enrol_studs', 45, 0),
(9, 'fees', 45, 0),
(10, 'enrol_studs', 53, 11),
(11, 'enrol_studs', 54, 4),
(12, 'enrol_studs', 55, 0),
(13, 'fees', 54, 0),
(14, 'enrol_studs', 56, 0),
(15, 'enrol_studs', 57, 0),
(16, 'enrol_studs', 58, 0),
(17, 'enrol_studs', 59, 0),
(18, 'enrol_studs', 60, 0),
(19, 'enrol_studs', 61, 0),
(20, 'fees', 53, 2),
(21, 'enrol_studs', 62, 10);

-- --------------------------------------------------------

--
-- Table structure for table `counter2`
--

CREATE TABLE `counter2` (
  `countID` int(11) NOT NULL,
  `module` varchar(15) NOT NULL,
  `total` int(11) NOT NULL
) ENGINE=InnoDB DEFAULT CHARSET=latin1;

--
-- Dumping data for table `counter2`
--

INSERT INTO `counter2` (`countID`, `module`, `total`) VALUES
(1, 'term', 10),
(2, 'room', 10),
(3, 'course', 4),
(4, 'prospectus', 7),
(5, 'section', 40),
(6, 'faculty', 13),
(7, 'subject', 220),
(8, 'student', 5),
(9, 'staff', 3),
(10, 'reg_requests', 0),
(11, 'reg_users', 13),
(12, 'day', 3),
(13, 'active_students', 0),
(14, 'guardian', 0),
(15, 'enrol_requests', 0),
(16, 'specialization', 37),
(17, 'payment_logs', 0);

-- --------------------------------------------------------

--
-- Table structure for table `course`
--

CREATE TABLE `course` (
  `courseID` int(11) NOT NULL,
  `courseCode` char(10) NOT NULL,
  `courseDesc` varchar(50) NOT NULL
) ENGINE=InnoDB DEFAULT CHARSET=latin1;

--
-- Dumping data for table `course`
--

INSERT INTO `course` (`courseID`, `courseCode`, `courseDesc`) VALUES
(132, 'ACT', 'Associate of Computer Technology'),
(374, 'BSIT', 'Bachelor of Science in Information Technology'),
(376, 'BSCS', 'Bachelor of Science in Computer Science'),
(377, 'BSCPE', 'Bachelor of Science in Computer Engineering');

-- --------------------------------------------------------

--
-- Table structure for table `day`
--

CREATE TABLE `day` (
  `dayID` int(11) NOT NULL,
  `dayDesc` varchar(20) NOT NULL,
  `dayCount` int(11) NOT NULL
) ENGINE=InnoDB DEFAULT CHARSET=latin1;

--
-- Dumping data for table `day`
--

INSERT INTO `day` (`dayID`, `dayDesc`, `dayCount`) VALUES
(0, '', 0),
(1, 'MWF', 3),
(2, 'TTH', 2),
(3, 'SAT', 1);

-- --------------------------------------------------------

--
-- Table structure for table `enrolment_settings`
--

CREATE TABLE `enrolment_settings` (
  `id` int(11) NOT NULL,
  `name` varchar(15) NOT NULL,
  `some_value` varchar(30) NOT NULL
) ENGINE=InnoDB DEFAULT CHARSET=latin1;

--
-- Dumping data for table `enrolment_settings`
--

INSERT INTO `enrolment_settings` (`id`, `name`, `some_value`) VALUES
(1, 'enrollment_pw', 'Enrolment1'),
(2, 'status', 'active');

-- --------------------------------------------------------

--
-- Table structure for table `faculty`
--

CREATE TABLE `faculty` (
  `facID` int(11) NOT NULL,
  `uID` int(11) NOT NULL,
  `special` varchar(30) NOT NULL
) ENGINE=InnoDB DEFAULT CHARSET=latin1;

--
-- Dumping data for table `faculty`
--

INSERT INTO `faculty` (`facID`, `uID`, `special`) VALUES
(0, 116, ''),
(28, 106, 'Programming'),
(29, 107, 'Programming'),
(30, 108, 'Story of my life'),
(31, 109, 'Science & Mathematics'),
(32, 110, 'Multimedia'),
(33, 111, 'Engineering'),
(34, 112, 'Engineering'),
(35, 113, 'All of the above'),
(36, 114, 'English'),
(37, 117, 'Physical Education'),
(38, 119, 'Filipino'),
(39, 122, 'Mathematics'),
(40, 138, 'Nothing');

-- --------------------------------------------------------

--
-- Table structure for table `fac_spec`
--

CREATE TABLE `fac_spec` (
  `id` int(11) NOT NULL,
  `facID` int(11) NOT NULL,
  `specID` int(11) NOT NULL
) ENGINE=InnoDB DEFAULT CHARSET=latin1;

--
-- Dumping data for table `fac_spec`
--

INSERT INTO `fac_spec` (`id`, `facID`, `specID`) VALUES
(78, 28, 6),
(79, 28, 7),
(80, 28, 8),
(81, 28, 18),
(82, 28, 20),
(83, 28, 21),
(84, 28, 13),
(85, 28, 16),
(86, 28, 15),
(87, 29, 6),
(88, 29, 8),
(89, 29, 7),
(90, 29, 13),
(91, 29, 15),
(92, 29, 16),
(121, 35, 15),
(122, 35, 20),
(123, 35, 35),
(124, 36, 32),
(125, 36, 17),
(126, 36, 12),
(130, 31, 17),
(131, 31, 12),
(132, 31, 32),
(133, 30, 17),
(134, 30, 19),
(135, 30, 12),
(136, 30, 14),
(137, 30, 32),
(138, 30, 34),
(139, 32, 15),
(140, 32, 13),
(141, 32, 33),
(142, 32, 35),
(143, 33, 21),
(144, 33, 18),
(145, 33, 20),
(146, 33, 13),
(147, 33, 16),
(148, 33, 15),
(149, 33, 33),
(150, 33, 35),
(151, 33, 36),
(152, 34, 18),
(153, 34, 13),
(154, 34, 33),
(155, 38, 12),
(156, 37, 19),
(157, 37, 34),
(158, 37, 14),
(159, 37, 24),
(160, 37, 29),
(161, 37, 10),
(162, 37, 39),
(163, 39, 23),
(164, 39, 25),
(165, 40, 32);

-- --------------------------------------------------------

--
-- Table structure for table `fees`
--

CREATE TABLE `fees` (
  `feeID` int(11) NOT NULL,
  `termID` int(11) NOT NULL,
  `trans_feeID` int(11) NOT NULL,
  `feeName` varchar(50) NOT NULL,
  `feeDesc` varchar(50) NOT NULL,
  `amount` decimal(10,2) NOT NULL,
  `dueDate` varchar(40) NOT NULL,
  `feeStatus` enum('ongoing','done','cancelled') NOT NULL,
  `tshirt` enum('unavailable','available') NOT NULL,
  `date_cancelled` date NOT NULL
) ENGINE=InnoDB DEFAULT CHARSET=latin1;

--
-- Dumping data for table `fees`
--

INSERT INTO `fees` (`feeID`, `termID`, `trans_feeID`, `feeName`, `feeDesc`, `amount`, `dueDate`, `feeStatus`, `tshirt`, `date_cancelled`) VALUES
(1, 53, 0, 'Christmas Party 2k19', 'All', '500.00', 'December 15, 2019', 'ongoing', 'unavailable', '0000-00-00'),
(2, 53, 0, 'Foundation Days', 'All', '650.00', 'January 25, 2019', 'ongoing', 'available', '0000-00-00');

-- --------------------------------------------------------

--
-- Table structure for table `grade_formula`
--

CREATE TABLE `grade_formula` (
  `id` int(11) NOT NULL,
  `prelim` decimal(10,2) NOT NULL,
  `midterm` decimal(10,2) NOT NULL,
  `prefi` decimal(10,2) NOT NULL,
  `final` decimal(10,2) NOT NULL
) ENGINE=InnoDB DEFAULT CHARSET=latin1;

--
-- Dumping data for table `grade_formula`
--

INSERT INTO `grade_formula` (`id`, `prelim`, `midterm`, `prefi`, `final`) VALUES
(1, '0.20', '0.20', '0.20', '0.40');

-- --------------------------------------------------------

--
-- Table structure for table `grade_metric`
--

CREATE TABLE `grade_metric` (
  `entryID` int(11) NOT NULL,
  `grade` double NOT NULL,
  `metric` decimal(10,1) NOT NULL
) ENGINE=InnoDB DEFAULT CHARSET=latin1;

--
-- Dumping data for table `grade_metric`
--

INSERT INTO `grade_metric` (`entryID`, `grade`, `metric`) VALUES
(1, 75, '3.0'),
(2, 76, '2.9'),
(3, 77, '2.9'),
(4, 78, '2.8'),
(5, 79, '2.7'),
(6, 80, '2.6'),
(7, 81, '2.5'),
(8, 82, '2.5'),
(9, 83, '2.4'),
(10, 84, '2.3'),
(11, 85, '2.2'),
(12, 86, '2.1'),
(13, 87, '2.0'),
(14, 88, '2.0'),
(15, 89, '1.9'),
(16, 90, '1.8'),
(17, 91, '1.7'),
(18, 92, '1.6'),
(19, 93, '1.5'),
(20, 94, '1.5'),
(21, 95, '1.4'),
(22, 96, '1.3'),
(23, 97, '1.2'),
(24, 98, '1.1'),
(25, 99, '1.0'),
(26, 100, '1.0');

-- --------------------------------------------------------

--
-- Table structure for table `guardian`
--

CREATE TABLE `guardian` (
  `guardID` int(11) NOT NULL,
  `uID` int(11) NOT NULL,
  `studID` int(11) NOT NULL
) ENGINE=InnoDB DEFAULT CHARSET=latin1;

-- --------------------------------------------------------

--
-- Table structure for table `modules`
--

CREATE TABLE `modules` (
  `id` int(11) NOT NULL,
  `modID` decimal(10,1) NOT NULL,
  `modDesc` varchar(20) NOT NULL
) ENGINE=InnoDB DEFAULT CHARSET=latin1;

--
-- Dumping data for table `modules`
--

INSERT INTO `modules` (`id`, `modID`, `modDesc`) VALUES
(1, '1.0', 'classes'),
(2, '2.0', 'enrollment'),
(3, '3.0', 'grade'),
(4, '4.0', 'payment'),
(5, '5.0', 'term'),
(6, '6.0', 'room'),
(7, '7.0', 'course'),
(8, '8.0', 'prospectus'),
(9, '9.0', 'section'),
(10, '10.0', 'subject'),
(11, '11.0', 'class'),
(12, '12.0', 'grade_formula'),
(13, '13.0', 'fees'),
(14, '14.0', 'users_student'),
(15, '15.0', 'users_faculty'),
(16, '16.0', 'users_staff'),
(17, '17.0', 'users_guardian'),
(18, '18.0', 'reports_prospectus'),
(19, '19.0', 'reports_student'),
(20, '20.0', 'reports_grade'),
(21, '21.0', 'reports_fees'),
(22, '22.0', 'reports_schedule'),
(23, '16.5', 'registration'),
(24, '2.1', 'incomplete'),
(25, '9.5', 'day'),
(27, '20.5', 'reports_remark'),
(28, '24.0', 'my_class'),
(29, '100.0', 'profile'),
(30, '101.0', 'settings'),
(31, '25.0', 'confirmation(enrol)'),
(32, '26.0', 'schedule'),
(33, '10.5', 'specialization'),
(34, '21.5', 'reports_payment_logs'),
(35, '27.0', 'auto_schedule'),
(36, '24.1', 'faculty_inc');

-- --------------------------------------------------------

--
-- Table structure for table `payments`
--

CREATE TABLE `payments` (
  `id` int(11) NOT NULL,
  `studID` int(11) NOT NULL,
  `uID` int(11) NOT NULL,
  `feeID` int(11) NOT NULL,
  `trans_feeID` int(11) NOT NULL,
  `paidDate` timestamp NOT NULL DEFAULT CURRENT_TIMESTAMP ON UPDATE CURRENT_TIMESTAMP,
  `amount` decimal(10,2) NOT NULL,
  `action` varchar(80) NOT NULL,
  `or_number` varchar(10) NOT NULL
) ENGINE=InnoDB DEFAULT CHARSET=latin1;

-- --------------------------------------------------------

--
-- Table structure for table `prospectus`
--

CREATE TABLE `prospectus` (
  `prosID` int(11) NOT NULL,
  `courseID` int(11) NOT NULL,
  `duration` int(11) NOT NULL,
  `prosCode` varchar(20) NOT NULL,
  `prosDesc` varchar(50) NOT NULL,
  `prosDesc2` varchar(50) NOT NULL,
  `effectivity` varchar(30) NOT NULL,
  `prosType` enum('New','Old') NOT NULL
) ENGINE=InnoDB DEFAULT CHARSET=latin1;

--
-- Dumping data for table `prospectus`
--

INSERT INTO `prospectus` (`prosID`, `courseID`, `duration`, `prosCode`, `prosDesc`, `prosDesc2`, `effectivity`, `prosType`) VALUES
(1, 132, 2, 'ACT 2016-2017', 'G.R. # 03 series of 2015', 'No. 87 Series of 2017', '2016-2017', 'Old'),
(3, 374, 4, 'BSIT 2011-2012', '', '', '2011-2012', 'Old'),
(4, 376, 4, 'BSCS 2016-2017', '', '', '2016-2017', 'Old'),
(5, 377, 5, 'BSCPE 2014-2015', '', '', '2014-2015', 'Old'),
(6, 374, 4, 'BSIT 2018-2019', 'G.R. # 03 series of 2015', 'No. 25 Series of 2015', '2018-2019 (K+12 Compliant)', 'New'),
(7, 376, 4, 'BSCS 2018-2019', 'G.R. # 03 series of 2015', 'No. 87 Series of 2017', '2018-2019 [K + 12] Compliant', 'New'),
(8, 377, 4, 'BSCpE 2018-2019', 'G.R. # 03 series of 2015', 'No. 87 Series of 2017', '2018-2019 (K+12 Compliant)', 'New');

-- --------------------------------------------------------

--
-- Table structure for table `registration`
--

CREATE TABLE `registration` (
  `regID` int(11) NOT NULL,
  `roleID` int(11) NOT NULL,
  `uID` int(11) NOT NULL,
  `userName` varchar(20) CHARACTER SET latin1 COLLATE latin1_general_cs NOT NULL,
  `userPass` varchar(50) CHARACTER SET latin1 COLLATE latin1_general_cs NOT NULL,
  `fn` varchar(25) NOT NULL,
  `mn` varchar(20) NOT NULL,
  `ln` varchar(20) NOT NULL,
  `dob` date NOT NULL,
  `sex` enum('Male','Female') NOT NULL,
  `address` varchar(100) NOT NULL,
  `cn` varchar(15) NOT NULL,
  `email` varchar(40) NOT NULL
) ENGINE=InnoDB DEFAULT CHARSET=latin1;

-- --------------------------------------------------------

--
-- Table structure for table `reg_guardian`
--

CREATE TABLE `reg_guardian` (
  `id` int(11) NOT NULL,
  `regID` int(11) NOT NULL,
  `studID` int(11) NOT NULL
) ENGINE=InnoDB DEFAULT CHARSET=latin1;

-- --------------------------------------------------------

--
-- Table structure for table `reports`
--

CREATE TABLE `reports` (
  `id` int(11) NOT NULL,
  `module` varchar(20) NOT NULL,
  `name` varchar(60) NOT NULL,
  `description` varchar(70) NOT NULL,
  `title` varchar(20) NOT NULL
) ENGINE=InnoDB DEFAULT CHARSET=latin1;

--
-- Dumping data for table `reports`
--

INSERT INTO `reports` (`id`, `module`, `name`, `description`, `title`) VALUES
(1, 'reports_prospectus', 'CHERYL M. TARRE, DBA (cand), MST-CS, MSC', 'Dean-College of ICT & Engineering Western Leyte College of Ormoc City', 'Dean');

-- --------------------------------------------------------

--
-- Table structure for table `requisite_type`
--

CREATE TABLE `requisite_type` (
  `req_type` int(11) NOT NULL,
  `typeDesc` varchar(20) NOT NULL
) ENGINE=InnoDB DEFAULT CHARSET=latin1;

--
-- Dumping data for table `requisite_type`
--

INSERT INTO `requisite_type` (`req_type`, `typeDesc`) VALUES
(1, 'Prerequisite'),
(2, 'Corequisite'),
(3, 'Yearlevel');

-- --------------------------------------------------------

--
-- Table structure for table `resetpass_code`
--

CREATE TABLE `resetpass_code` (
  `uID` int(11) NOT NULL,
  `code` char(6) NOT NULL
) ENGINE=InnoDB DEFAULT CHARSET=latin1;

-- --------------------------------------------------------

--
-- Table structure for table `role`
--

CREATE TABLE `role` (
  `roleID` int(11) NOT NULL,
  `roleDesc` varchar(15) NOT NULL
) ENGINE=InnoDB DEFAULT CHARSET=latin1;

--
-- Dumping data for table `role`
--

INSERT INTO `role` (`roleID`, `roleDesc`) VALUES
(1, 'Admin'),
(2, 'Faculty'),
(3, 'Staff'),
(4, 'Student'),
(5, 'Guardian');

-- --------------------------------------------------------

--
-- Table structure for table `room`
--

CREATE TABLE `room` (
  `roomID` int(11) NOT NULL,
  `roomName` varchar(15) NOT NULL,
  `roomLoc` varchar(40) NOT NULL,
  `capacity` int(11) NOT NULL,
  `status` enum('active','inactive') NOT NULL
) ENGINE=InnoDB DEFAULT CHARSET=latin1;

--
-- Dumping data for table `room`
--

INSERT INTO `room` (`roomID`, `roomName`, `roomLoc`, `capacity`, `status`) VALUES
(0, '', '', 300, 'active'),
(25, 'Physics Room', '3rd floor', 35, 'active'),
(26, 'Trainers Lab', '2nd Floor', 35, 'active'),
(29, 'Chemistry Room', '3rd floor', 35, 'active'),
(30, 'LAB 2', '2nd floor', 35, 'active'),
(31, 'LAB 3', '4th floor', 35, 'active'),
(32, 'LAB 4', '4th floor', 35, 'active'),
(33, 'LAB 1', '2nd floor', 35, 'active'),
(34, 'EngDra', '3rd floor', 35, 'active'),
(35, 'English Room', '3rd floor', 35, 'active'),
(36, 'LAB 5', '4th floor', 35, 'active');

-- --------------------------------------------------------

--
-- Table structure for table `room_spec`
--

CREATE TABLE `room_spec` (
  `id` int(11) NOT NULL,
  `roomID` int(11) NOT NULL,
  `specID` int(11) NOT NULL
) ENGINE=InnoDB DEFAULT CHARSET=latin1;

--
-- Dumping data for table `room_spec`
--

INSERT INTO `room_spec` (`id`, `roomID`, `specID`) VALUES
(35, 34, 9),
(36, 34, 18),
(37, 34, 12),
(38, 34, 17),
(39, 34, 34),
(40, 34, 19),
(41, 34, 32),
(42, 34, 14),
(43, 34, 29),
(44, 34, 10),
(45, 34, 39),
(46, 34, 37),
(47, 34, 24),
(48, 34, 22),
(49, 29, 17),
(50, 29, 32),
(51, 29, 12),
(52, 29, 19),
(53, 29, 34),
(54, 29, 22),
(55, 29, 9),
(56, 29, 10),
(57, 29, 39),
(58, 35, 8),
(59, 35, 10),
(60, 35, 9),
(61, 35, 17),
(62, 35, 19),
(63, 35, 32),
(64, 35, 34),
(65, 35, 12),
(66, 35, 14),
(67, 35, 22),
(68, 35, 24),
(69, 35, 29),
(70, 35, 37),
(71, 35, 39),
(72, 33, 7),
(73, 33, 8),
(74, 33, 6),
(75, 33, 20),
(76, 33, 21),
(77, 33, 36),
(78, 33, 15),
(79, 33, 25),
(80, 33, 30),
(81, 33, 40),
(82, 30, 8),
(83, 30, 6),
(84, 30, 18),
(85, 30, 20),
(86, 30, 21),
(87, 30, 35),
(88, 30, 36),
(89, 30, 13),
(90, 30, 23),
(91, 30, 25),
(92, 30, 28),
(93, 30, 30),
(94, 30, 7),
(95, 30, 38),
(96, 30, 40),
(97, 30, 41),
(98, 31, 7),
(99, 31, 8),
(100, 31, 18),
(101, 31, 21),
(102, 31, 33),
(103, 31, 15),
(104, 31, 16),
(105, 31, 23),
(106, 31, 20),
(107, 31, 35),
(108, 31, 25),
(109, 31, 26),
(110, 31, 30),
(111, 31, 28),
(112, 31, 31),
(113, 31, 6),
(114, 31, 38),
(115, 31, 41),
(116, 31, 40),
(117, 32, 7),
(118, 32, 8),
(119, 32, 18),
(120, 32, 20),
(121, 32, 21),
(122, 32, 33),
(123, 32, 35),
(124, 32, 36),
(125, 32, 13),
(126, 32, 15),
(127, 32, 16),
(128, 32, 23),
(129, 32, 25),
(130, 32, 26),
(131, 32, 28),
(132, 32, 30),
(133, 32, 31),
(134, 32, 6),
(135, 32, 38),
(136, 32, 40),
(137, 32, 41),
(138, 36, 8),
(139, 36, 6),
(140, 36, 7),
(141, 36, 18),
(142, 36, 20),
(143, 36, 21),
(144, 36, 33),
(145, 36, 35),
(146, 36, 36),
(147, 36, 13),
(148, 36, 15),
(149, 36, 16),
(150, 36, 23),
(151, 36, 25),
(152, 36, 26),
(153, 36, 28),
(154, 36, 31),
(155, 36, 30),
(156, 36, 41),
(157, 36, 40),
(158, 36, 38),
(159, 25, 9),
(160, 25, 17),
(161, 25, 32),
(162, 25, 12),
(163, 25, 22),
(164, 25, 27),
(165, 25, 37),
(166, 26, 6),
(167, 26, 9),
(168, 26, 18),
(169, 26, 35),
(170, 26, 36),
(171, 26, 21),
(172, 26, 33),
(173, 26, 13),
(174, 26, 16),
(175, 26, 23),
(176, 26, 24),
(177, 26, 14),
(178, 26, 19);

-- --------------------------------------------------------

--
-- Table structure for table `section`
--

CREATE TABLE `section` (
  `secID` int(11) NOT NULL,
  `courseID` int(11) NOT NULL,
  `semID` int(11) NOT NULL,
  `yearID` int(11) NOT NULL,
  `secName` varchar(15) NOT NULL
) ENGINE=InnoDB DEFAULT CHARSET=latin1;

--
-- Dumping data for table `section`
--

INSERT INTO `section` (`secID`, `courseID`, `semID`, `yearID`, `secName`) VALUES
(25, 374, 1, 1, 'BSIT-1101'),
(26, 374, 1, 1, 'BSIT-1102'),
(27, 374, 2, 1, 'BSIT-1201'),
(28, 374, 2, 1, 'BSIT-1202'),
(29, 374, 1, 2, 'BSIT-2101'),
(30, 374, 1, 2, 'BSIT-2102'),
(31, 374, 2, 2, 'BSIT-2201'),
(32, 374, 2, 2, 'BSIT-2202'),
(33, 374, 1, 3, 'BSIT-3101'),
(34, 374, 1, 3, 'BSIT-3102'),
(35, 374, 2, 3, 'BSIT-3201'),
(36, 374, 2, 3, 'BSIT-3202'),
(37, 374, 1, 4, 'BSIT-4101'),
(38, 374, 1, 4, 'BSIT-4102'),
(39, 374, 2, 4, 'BSIT-4201'),
(40, 374, 2, 4, 'BSIT-4202'),
(41, 132, 1, 1, 'ACT-1101'),
(42, 132, 1, 1, 'ACT-1102'),
(43, 132, 2, 1, 'ACT-1201'),
(44, 132, 2, 1, 'ACT-1202'),
(45, 132, 1, 2, 'ACT-2101'),
(46, 132, 1, 2, 'ACT-2102'),
(47, 132, 2, 2, 'ACT-2201'),
(48, 132, 2, 2, 'ACT-2202'),
(49, 376, 1, 1, 'BSCS -1101'),
(50, 376, 1, 1, 'BSCS-1102'),
(51, 376, 1, 2, 'BSCS-2101'),
(52, 376, 2, 2, 'BSCS-2201'),
(53, 377, 1, 1, 'BSCPE-1101'),
(55, 377, 1, 2, 'BSCPE-2101'),
(56, 377, 1, 3, 'BSCPE-3101'),
(57, 377, 1, 4, 'BSCPE-4101'),
(58, 377, 1, 5, 'BSCPE-5101'),
(59, 377, 1, 1, 'BSCPE-1102'),
(60, 376, 1, 3, 'BSCS-3101'),
(61, 376, 1, 4, 'BSCS-4101'),
(62, 376, 2, 1, 'BSCS-1201'),
(63, 376, 2, 3, 'BSCS-3201'),
(64, 376, 2, 4, 'BSCS-4201'),
(65, 377, 2, 1, 'BSCPE-1201');

-- --------------------------------------------------------

--
-- Table structure for table `semester`
--

CREATE TABLE `semester` (
  `semID` int(11) NOT NULL,
  `semOrder` int(11) NOT NULL,
  `semDesc` varchar(15) NOT NULL
) ENGINE=InnoDB DEFAULT CHARSET=latin1;

--
-- Dumping data for table `semester`
--

INSERT INTO `semester` (`semID`, `semOrder`, `semDesc`) VALUES
(1, 2, '1st Semester'),
(2, 3, '2nd Semester'),
(3, 1, 'Summer');

-- --------------------------------------------------------

--
-- Table structure for table `specialization`
--

CREATE TABLE `specialization` (
  `specID` int(11) NOT NULL,
  `prosID` int(11) NOT NULL,
  `specDesc` varchar(50) NOT NULL,
  `specColor` varchar(10) NOT NULL
) ENGINE=InnoDB DEFAULT CHARSET=latin1;

--
-- Dumping data for table `specialization`
--

INSERT INTO `specialization` (`specID`, `prosID`, `specDesc`, `specColor`) VALUES
(6, 4, 'Common CS Courses', '#C0382B'),
(7, 4, 'Professional CS Courses', '#2980B9'),
(8, 4, 'CS Electives/Free Electives', '#8E43AD'),
(9, 4, 'General Education Courses (Including Filipino)', '#222F3D'),
(10, 4, 'Other Courses (PE and NSTP)', '#27AF60'),
(12, 6, 'General Education Courses (Including Filipino)', '#222F3D'),
(13, 6, 'Common IT Courses', '#C0382B'),
(14, 6, 'Other Courses (PE and NSTP)', '#27AF60'),
(15, 6, 'Professional IT Courses', '#2980B9'),
(16, 6, 'IT Electives/Free Electives', '#8E43AD'),
(17, 8, 'General Education Courses (Including Filipino)', '#222F3D'),
(18, 8, 'Common BSCpE Courses', '#C0382B'),
(19, 8, 'Other Courses (PE and NSTP)', '#27AF60'),
(20, 8, 'Professional BSCpE Courses', '#2980B9'),
(21, 8, 'BSCpE Electives/Free Electives', '#8E43AD'),
(22, 1, 'General Education Courses (Including Filipino)', '#222F3D'),
(23, 1, 'Common ACT Courses', '#C0382B'),
(24, 1, 'Other Courses (PE and NSTP)', '#27AF60'),
(25, 1, 'Professional ACT Courses', '#2980B9'),
(26, 1, 'ACT Electives/Free Electives', '#8E43AD'),
(27, 5, 'General Education Courses (Including Filipino)', '#222F3D'),
(28, 5, 'Common BSCpE Courses', '#C0382B'),
(29, 5, 'Other Courses (PE and NSTP)', '#27AF60'),
(30, 5, 'Professional BSCpE Courses', '#2980B9'),
(31, 5, 'BSCpE Electives/Free Electives', '#8E43AD'),
(32, 7, 'General Education Courses (Including Filipino)', '#222F3D'),
(33, 7, 'Common CS Courses', '#C0382B'),
(34, 7, 'Other Courses (PE and NSTP)', '#27AF60'),
(35, 7, 'Professional CS Courses', '#2980B9'),
(36, 7, 'CS Electives/Free Electives', '#8E43AD'),
(37, 3, 'General Education Courses (Including Filipino)', '#222F3D'),
(38, 3, 'Common IT Courses', '#C0382B'),
(39, 3, 'Other Courses (PE and NSTP)', '#27AF60'),
(40, 3, 'Professional IT Courses', '#2980B9'),
(41, 3, 'IT Electives/Free Electives', '#8E43AD');

-- --------------------------------------------------------

--
-- Table structure for table `staff`
--

CREATE TABLE `staff` (
  `staffID` int(11) NOT NULL,
  `uID` int(11) NOT NULL
) ENGINE=InnoDB DEFAULT CHARSET=latin1;

--
-- Dumping data for table `staff`
--

INSERT INTO `staff` (`staffID`, `uID`) VALUES
(1, 47),
(2, 54),
(3, 124);

-- --------------------------------------------------------

--
-- Table structure for table `studclass`
--

CREATE TABLE `studclass` (
  `scID` int(11) NOT NULL,
  `classID` int(11) NOT NULL,
  `studID` int(11) NOT NULL,
  `prelim` varchar(7) NOT NULL,
  `midterm` varchar(7) NOT NULL,
  `prefi` varchar(7) NOT NULL,
  `final` varchar(7) NOT NULL,
  `finalgrade` varchar(7) NOT NULL,
  `remarks` enum('','Passed','Failed','Incomplete','Dropped') NOT NULL,
  `reason` varchar(50) NOT NULL,
  `status` enum('Unenrolled','Enrolled','Pending') NOT NULL,
  `enrolled_date` datetime NOT NULL DEFAULT CURRENT_TIMESTAMP
) ENGINE=InnoDB DEFAULT CHARSET=latin1;

--
-- Dumping data for table `studclass`
--

INSERT INTO `studclass` (`scID`, `classID`, `studID`, `prelim`, `midterm`, `prefi`, `final`, `finalgrade`, `remarks`, `reason`, `status`, `enrolled_date`) VALUES
(1, 175, 4, '', '', '', '', '', '', '', 'Enrolled', '2019-02-23 15:09:23'),
(2, 179, 4, '', '', '', '', '', '', '', 'Enrolled', '2019-02-23 15:09:23'),
(3, 181, 4, '', '', '', '', '', '', '', 'Enrolled', '2019-02-23 15:09:23'),
(4, 182, 4, '', '', '', '', '', '', '', 'Enrolled', '2019-02-23 15:09:23'),
(5, 185, 4, '', '', '', '', '', '', '', 'Enrolled', '2019-02-23 15:09:23'),
(6, 176, 4, '', '', '', '', '', '', '', 'Enrolled', '2019-02-23 15:09:23'),
(7, 177, 4, '', '', '', '', '', '', '', 'Enrolled', '2019-02-23 15:09:23'),
(8, 178, 4, '', '', '', '', '', '', '', 'Enrolled', '2019-02-23 15:09:23'),
(9, 180, 4, '', '', '', '', '', '', '', 'Enrolled', '2019-02-23 15:09:23'),
(10, 183, 4, '', '', '', '', '', '', '', 'Enrolled', '2019-02-23 15:09:23'),
(11, 184, 4, '', '', '', '', '', '', '', 'Enrolled', '2019-02-23 15:09:23'),
(12, 186, 4, '', '', '', '', '', '', '', 'Enrolled', '2019-02-23 15:09:23'),
(26, 175, 1, '', '', '', '', '', '', '', 'Enrolled', '2019-02-24 11:03:19'),
(27, 179, 1, '', '', '', '', '', '', '', 'Enrolled', '2019-02-24 11:03:19'),
(28, 181, 1, '', '', '', '', '', '', '', 'Enrolled', '2019-02-24 11:03:19'),
(29, 182, 1, '', '', '', '', '', '', '', 'Enrolled', '2019-02-24 11:03:19'),
(30, 185, 1, '', '', '', '', '', '', '', 'Enrolled', '2019-02-24 11:03:19'),
(32, 177, 1, '', '', '', '', '', '', '', 'Enrolled', '2019-02-24 11:03:19'),
(33, 178, 1, '', '', '', '', '', '', '', 'Enrolled', '2019-02-24 11:03:19'),
(34, 180, 1, '', '', '', '', '', '', '', 'Enrolled', '2019-02-24 11:03:19'),
(35, 183, 1, '', '', '', '', '', '', '', 'Enrolled', '2019-02-24 11:03:19'),
(36, 184, 1, '', '', '', '', '', '', '', 'Enrolled', '2019-02-24 11:03:19'),
(37, 186, 1, '', '', '', '', '', '', '', 'Enrolled', '2019-02-24 11:03:19');

-- --------------------------------------------------------

--
-- Table structure for table `student`
--

CREATE TABLE `student` (
  `studID` int(11) NOT NULL,
  `yearID` int(11) NOT NULL,
  `uID` int(11) NOT NULL,
  `controlNo` int(11) NOT NULL
) ENGINE=InnoDB DEFAULT CHARSET=latin1;

--
-- Dumping data for table `student`
--

INSERT INTO `student` (`studID`, `yearID`, `uID`, `controlNo`) VALUES
(1, 1, 133, 616),
(2, 1, 134, 611),
(3, 3, 135, 0),
(4, 1, 136, 0),
(5, 3, 137, 0);

-- --------------------------------------------------------

--
-- Table structure for table `studgrade`
--

CREATE TABLE `studgrade` (
  `sgID` int(11) NOT NULL,
  `studID` int(11) NOT NULL,
  `subID` int(11) NOT NULL,
  `uID` int(11) NOT NULL,
  `termID` int(11) NOT NULL,
  `sgGrade` decimal(10,1) NOT NULL,
  `remarks` enum('Passed','Failed','Incomplete','Dropped') NOT NULL,
  `grade_type` enum('Class','Credit') NOT NULL,
  `sgDate` datetime NOT NULL DEFAULT CURRENT_TIMESTAMP
) ENGINE=InnoDB DEFAULT CHARSET=latin1;

--
-- Dumping data for table `studgrade`
--

INSERT INTO `studgrade` (`sgID`, `studID`, `subID`, `uID`, `termID`, `sgGrade`, `remarks`, `grade_type`, `sgDate`) VALUES
(1, 1, 2, 114, 54, '1.0', 'Passed', 'Class', '2019-02-23 14:01:43'),
(2, 1, 13, 1, 62, '0.0', 'Passed', 'Credit', '2019-02-23 14:05:54');

-- --------------------------------------------------------

--
-- Table structure for table `studprospectus`
--

CREATE TABLE `studprospectus` (
  `spID` int(11) NOT NULL,
  `studID` int(11) NOT NULL,
  `prosID` int(11) NOT NULL
) ENGINE=InnoDB DEFAULT CHARSET=latin1;

--
-- Dumping data for table `studprospectus`
--

INSERT INTO `studprospectus` (`spID`, `studID`, `prosID`) VALUES
(1, 1, 6),
(2, 2, 6),
(3, 3, 6),
(4, 4, 6),
(5, 5, 5);

-- --------------------------------------------------------

--
-- Table structure for table `studrec_per_term`
--

CREATE TABLE `studrec_per_term` (
  `id` int(11) NOT NULL,
  `studID` int(11) NOT NULL,
  `yearID` int(11) NOT NULL,
  `termID` int(11) NOT NULL,
  `prosID` int(11) NOT NULL
) ENGINE=InnoDB DEFAULT CHARSET=latin1;

--
-- Dumping data for table `studrec_per_term`
--

INSERT INTO `studrec_per_term` (`id`, `studID`, `yearID`, `termID`, `prosID`) VALUES
(4, 4, 1, 62, 6),
(5, 1, 1, 62, 6);

-- --------------------------------------------------------

--
-- Table structure for table `stud_fee`
--

CREATE TABLE `stud_fee` (
  `sfID` int(11) NOT NULL,
  `studID` int(11) NOT NULL,
  `feeID` int(11) NOT NULL,
  `payable` decimal(10,2) NOT NULL,
  `receivable` decimal(10,2) NOT NULL,
  `tsize` varchar(5) NOT NULL
) ENGINE=InnoDB DEFAULT CHARSET=latin1;

--
-- Dumping data for table `stud_fee`
--

INSERT INTO `stud_fee` (`sfID`, `studID`, `feeID`, `payable`, `receivable`, `tsize`) VALUES
(1, 1, 1, '500.00', '0.00', ''),
(2, 2, 1, '500.00', '0.00', ''),
(3, 3, 1, '500.00', '0.00', ''),
(4, 1, 2, '650.00', '0.00', ''),
(5, 2, 2, '650.00', '0.00', ''),
(6, 3, 2, '650.00', '0.00', '');

-- --------------------------------------------------------

--
-- Table structure for table `subject`
--

CREATE TABLE `subject` (
  `subID` int(11) NOT NULL,
  `prosID` int(11) NOT NULL,
  `yearID` int(11) NOT NULL,
  `semID` int(11) NOT NULL,
  `specID` int(11) NOT NULL,
  `subCode` varchar(20) NOT NULL,
  `subDesc` varchar(70) NOT NULL,
  `units` int(11) NOT NULL,
  `total_units` int(11) NOT NULL,
  `type` enum('lec','lab') NOT NULL,
  `nonSub_pre` varchar(15) NOT NULL,
  `id` int(11) NOT NULL
) ENGINE=InnoDB DEFAULT CHARSET=latin1;

--
-- Dumping data for table `subject`
--

INSERT INTO `subject` (`subID`, `prosID`, `yearID`, `semID`, `specID`, `subCode`, `subDesc`, `units`, `total_units`, `type`, `nonSub_pre`, `id`) VALUES
(1, 6, 1, 1, 12, 'ENG111', 'Purposive Communication', 3, 3, 'lec', '', 274),
(2, 6, 1, 1, 12, 'MAT1 12', 'Remedial Mathematics (Pre-Calculus)', 3, 3, 'lec', 'for non-STEM', 381),
(3, 6, 1, 1, 12, 'Physics111', 'General Physics', 3, 4, 'lec', 'for non-STEM', 923),
(4, 6, 1, 1, 12, 'Physics111', 'General Physics', 1, 4, 'lab', 'for non-STEM', 923),
(5, 6, 1, 1, 12, 'MAT113', 'Mathematics in the Modern World', 3, 3, 'lec', '', 439),
(6, 6, 1, 1, 12, 'Psych111', 'Understanding the Self', 3, 3, 'lec', '', 682),
(7, 6, 1, 1, 13, 'IT-Com111', 'Introduction to Computing', 2, 3, 'lec', '', 279),
(8, 6, 1, 1, 13, 'IT-Com111', 'Introduction to Computing', 1, 3, 'lab', '', 279),
(9, 6, 1, 1, 13, 'IT-Prog111', 'Fundamentals of Programming', 2, 3, 'lec', '', 965),
(10, 6, 1, 1, 13, 'IT-Prog111', 'Fundamentals of Programming', 1, 3, 'lab', '', 965),
(11, 6, 1, 1, 14, 'NSTP111', 'National Service Training Prog1', 3, 3, 'lec', '', 831),
(12, 6, 1, 1, 14, 'PE111', 'Physical Fitness 1', 2, 2, 'lec', '', 647),
(13, 6, 1, 2, 15, 'MAT121', 'Discrete Structure', 3, 3, 'lec', '', 257),
(14, 6, 1, 2, 12, 'STS121', 'Science, Technology & Society', 3, 3, 'lec', '', 869),
(15, 6, 1, 2, 12, 'Socio121', 'Social Issues & Professional Practice', 3, 3, 'lec', '', 348),
(16, 6, 1, 2, 13, 'IT-Prog121', 'Computer Programming 2', 2, 3, 'lec', '', 645),
(17, 6, 1, 2, 13, 'IT-Prog121', 'Computer Programming 2', 1, 3, 'lab', '', 645),
(18, 6, 1, 2, 15, 'IT-HC1211', 'Introduction to Human Computer Interaction', 2, 3, 'lec', '', 265),
(19, 6, 1, 2, 15, 'IT-HC1211', 'Introduction to Human Computer Interaction', 1, 3, 'lab', '', 265),
(20, 6, 1, 2, 15, 'IT-DiGiLog121', 'Digital Logic Design', 3, 3, 'lec', '', 543),
(21, 6, 1, 2, 12, 'Hist121', 'Readings in Philippine History', 3, 3, 'lec', '', 291),
(22, 6, 1, 2, 14, 'NSTP121', 'National Service Training Prog2', 3, 3, 'lec', '', 193),
(23, 6, 1, 2, 14, 'PE121', 'Rhythmic Activities', 2, 2, 'lec', '', 964),
(24, 6, 2, 1, 13, 'IT-DBms211', 'Fundamentals of Database Systems', 2, 3, 'lec', '', 495),
(25, 6, 2, 1, 13, 'IT-DBms211', 'Fundamentals of Database Systems', 1, 3, 'lab', '', 495),
(26, 6, 2, 1, 16, 'IT-Ele211', 'Object Oriented Programming', 2, 3, 'lec', '', 761),
(27, 6, 2, 1, 16, 'IT-Ele211', 'Object Oriented Programming', 1, 3, 'lab', '', 761),
(28, 6, 2, 1, 16, 'IT-Ele212', 'Platform Technologies', 2, 3, 'lec', '', 324),
(29, 6, 2, 1, 16, 'IT-Ele212', 'Platform Technologies', 1, 3, 'lab', '', 324),
(30, 6, 2, 1, 12, 'Hum211', 'Art Appreciation', 3, 3, 'lec', '', 852),
(31, 6, 2, 1, 12, 'Socio211', 'The Contemporary World', 3, 3, 'lec', '', 392),
(32, 6, 2, 1, 13, 'IT-Datstruct1202', 'Data Structure & Algorithm Analysis', 2, 3, 'lec', '', 765),
(33, 6, 2, 1, 13, 'IT-Datstruct1202', 'Data Structure & Algorithm Analysis', 1, 3, 'lab', '', 765),
(34, 6, 2, 1, 12, 'Filipino211', 'Komonikasyon sa Akademikong Filipino', 3, 3, 'lec', '', 298),
(35, 6, 2, 1, 14, 'PE211', 'Individual Sports', 2, 2, 'lec', '', 352),
(36, 6, 2, 1, 12, 'Ethics211', 'Ethics', 3, 3, 'lec', '', 659),
(37, 6, 2, 2, 12, 'Filipino221', 'Panitikan', 3, 3, 'lec', '', 517),
(38, 6, 2, 2, 13, 'IT-DBms221', 'Information Management 2', 2, 3, 'lec', '', 615),
(39, 6, 2, 2, 13, 'IT-DBms221', 'Information Management 2', 1, 3, 'lab', '', 615),
(40, 6, 2, 2, 15, 'IT-IntProg221', 'Integrative Programming & Technologies 1', 2, 3, 'lec', '', 123),
(41, 6, 2, 2, 15, 'IT-IntProg221', 'Integrative Programming & Technologies 1', 1, 3, 'lab', '', 123),
(42, 6, 2, 2, 15, 'IT-Netwrk221', 'Networking 2', 2, 3, 'lec', '#REF!', 643),
(43, 6, 2, 2, 15, 'IT-Netwrk221', 'Networking 2', 1, 3, 'lab', '#REF!', 643),
(44, 6, 2, 2, 15, 'IT-SAD221', 'Systems Analysis & Design', 3, 3, 'lec', '', 376),
(45, 6, 2, 2, 15, 'IT-NetWrk201', 'Networking 1', 2, 3, 'lec', '', 672),
(46, 6, 2, 2, 15, 'IT-NetWrk201', 'Networking 1', 1, 3, 'lab', '', 672),
(47, 6, 2, 2, 12, 'Entrep221', 'The Entrepreneurial Mind', 3, 3, 'lec', '', 741),
(48, 6, 2, 2, 15, 'IT-QM221', 'Quantitative Methods (incl. Modelling & Simulation)', 3, 3, 'lec', '', 548),
(49, 6, 2, 2, 14, 'PE221', 'Team Sports', 2, 2, 'lec', '', 384),
(50, 6, 3, 1, 15, 'IT-ACTA311', 'Computer Accounting', 3, 3, 'lec', '', 465),
(51, 6, 3, 1, 15, 'IT-SIA311', 'System Integration & Architecture1', 2, 3, 'lec', '', 462),
(52, 6, 3, 1, 15, 'IT-SIA311', 'System Integration & Architecture1', 1, 3, 'lab', '', 462),
(53, 6, 3, 1, 15, 'IT-IAS311', 'Information Assurance & Security 1', 2, 3, 'lec', '', 173),
(54, 6, 3, 1, 15, 'IT-IAS311', 'Information Assurance & Security 1', 1, 3, 'lab', '', 173),
(55, 6, 3, 1, 15, 'IT-APSDEV311', 'Application Devt & Emerging Technologies', 2, 3, 'lec', '', 271),
(56, 6, 3, 1, 15, 'IT-APSDEV311', 'Application Devt & Emerging Technologies', 1, 3, 'lab', '', 271),
(57, 6, 3, 1, 15, 'IT-Comotna311', 'Methods of Research in Computing', 3, 3, 'lec', '', 473),
(58, 6, 3, 1, 15, 'IT-PL301', 'Programming Languages', 2, 3, 'lec', '', 136),
(59, 6, 3, 1, 15, 'IT-PL301', 'Programming Languages', 1, 3, 'lab', '', 136),
(60, 6, 3, 1, 12, 'Filipino311', 'Masining na Pagpapahayag', 3, 3, 'lec', '', 796),
(61, 6, 3, 1, 16, 'IT-Free-Ele311', 'Business Analytics', 3, 3, 'lec', '', 541),
(62, 6, 3, 2, 16, 'IT-Free-Ele321', 'Animation Technology & 2D', 2, 3, 'lec', '', 542),
(63, 6, 3, 2, 16, 'IT-Free-Ele321', 'Animation Technology & 2D', 1, 3, 'lab', '', 542),
(64, 6, 3, 2, 15, 'IT-IAS321', 'Information Assurance & Security', 2, 3, 'lec', '', 243),
(65, 6, 3, 2, 15, 'IT-IAS321', 'Information Assurance & Security', 1, 3, 'lab', '', 243),
(66, 6, 3, 2, 16, 'IT-ELE321', 'Integrative Programming & Technologies', 2, 3, 'lec', '', 976),
(67, 6, 3, 2, 16, 'IT-ELE321', 'Integrative Programming & Technologies', 1, 3, 'lab', '', 976),
(68, 6, 3, 2, 16, 'IT-ELE322', 'Intelligent Systems', 2, 3, 'lec', '', 978),
(69, 6, 3, 2, 16, 'IT-ELE322', 'Intelligent Systems', 1, 3, 'lab', '', 978),
(70, 6, 3, 2, 15, 'IT-Pro321', 'IT Proposal', 3, 3, 'lec', '', 613),
(71, 6, 3, 2, 15, 'IT-Techno301', 'Technopreneurship', 3, 3, 'lec', '', 295),
(72, 6, 3, 2, 16, 'IT-Free-Ele-322', 'Analytics Modelling: Techniques and Tools', 3, 3, 'lec', '', 763),
(73, 6, 3, 2, 12, 'Rizal321', 'Life & Works of Dr. Jose Rizal', 3, 3, 'lec', '', 347),
(74, 6, 4, 3, 15, 'IT-PRAC401', 'PRACTICUM/OJT', 9, 9, 'lec', '', 438),
(75, 6, 4, 1, 13, 'IT-Free-ELe411', '3D Animation and Modelling', 2, 3, 'lec', '', 651),
(76, 6, 4, 1, 13, 'IT-Free-ELe411', '3D Animation and Modelling', 1, 3, 'lab', '', 651),
(77, 6, 4, 1, 15, 'IT-SysAd411', 'System Administration & Maintenance', 3, 3, 'lec', '', 218),
(78, 6, 4, 1, 12, 'IT-Capstone411', 'Capstone Project 1', 9, 9, 'lec', '', 794),
(79, 6, 4, 1, 16, 'IT-ELe411', 'Web Systems Technologies', 2, 3, 'lec', '', 321),
(80, 6, 4, 1, 16, 'IT-ELe411', 'Web Systems Technologies', 1, 3, 'lab', '', 321),
(81, 6, 4, 1, 12, 'IT-CertExam411', 'Philnits/Microsoft/TESDA', 3, 3, 'lec', '', 158),
(82, 6, 4, 2, 15, 'IT-Capstone421', 'Capstone Project 2', 9, 9, 'lec', '', 329),
(83, 6, 4, 2, 16, 'IT-ELE-421', 'Embedded Systems', 2, 3, 'lec', '', 185),
(84, 6, 4, 2, 16, 'IT-ELE-421', 'Embedded Systems', 1, 3, 'lab', '', 185),
(85, 6, 4, 2, 15, 'ITSeminar421', 'IT Seminars/Fieldtrips', 3, 3, 'lec', '', 714),
(86, 8, 1, 1, 17, 'ENG111', 'Purposive Communication', 3, 3, 'lec', '', 357),
(87, 8, 1, 1, 17, 'MAT112', 'Remedial Mathematics (Pre-Calculus)', 3, 3, 'lec', 'for non-STEM', 329),
(88, 7, 1, 1, 32, 'ENG111', 'Purposive Communication', 3, 3, 'lec', '', 157),
(89, 8, 1, 1, 17, 'Physics111', 'General Physics', 3, 4, 'lec', 'for non-STEM', 845),
(90, 8, 1, 1, 17, 'Physics111', 'General Physics', 3, 4, 'lab', 'for non-STEM', 845),
(91, 8, 1, 1, 17, 'MAT113', 'Mathematics in the Modern World', 3, 3, 'lec', '', 425),
(92, 8, 1, 1, 17, 'Psych111', 'Understanding the Self', 3, 3, 'lec', '', 876),
(93, 7, 1, 1, 32, 'MAT112', 'Remedial Mathematics (Pre-Calculus)', 3, 3, 'lec', 'for non-STEM', 942),
(94, 8, 1, 1, 20, 'CpE-CompDs111', 'Computer Engineering as a Discipline', 3, 1, 'lec', '', 731),
(95, 7, 1, 1, 32, 'Physics111', 'General Physics', 3, 4, 'lec', 'for non-STEM', 943),
(96, 7, 1, 1, 32, 'Physics111', 'General Physics', 1, 4, 'lab', 'for non-STEM', 943),
(97, 8, 1, 1, 20, 'CpE-ProgLo112', 'Programming Logic and Design', 3, 2, 'lec', '', 619),
(98, 8, 1, 1, 20, 'CpE-ProgLo112', 'Programming Logic and Design', 3, 2, 'lab', '', 619),
(99, 7, 1, 1, 32, 'MAT113', 'Mathematics in the Modern World', 3, 3, 'lec', '', 751),
(100, 8, 1, 1, 20, 'Chem111', 'Chemistry for Engineers', 3, 2, 'lec', '', 643),
(101, 8, 1, 1, 20, 'Chem111', 'Chemistry for Engineers', 3, 2, 'lab', '', 643),
(102, 7, 1, 1, 32, 'Psych111', 'Understanding the Self', 3, 3, 'lec', '', 584),
(103, 8, 1, 1, 19, 'NSTP111', 'National Service Training Prog1', 3, 3, 'lec', '', 428),
(104, 7, 1, 1, 33, 'CS-COM111', 'Introduction to Computing', 2, 3, 'lec', '', 214),
(105, 7, 1, 1, 33, 'CS-COM111', 'Introduction to Computing', 1, 3, 'lab', '', 214),
(106, 8, 1, 1, 19, 'PE111', 'Physical Fitness 1`', 2, 2, 'lec', '', 732),
(107, 8, 1, 2, 17, 'MAT121', 'Discrete Mathematics', 3, 3, 'lec', '', 692),
(108, 7, 1, 1, 33, 'CS-Prog111', 'Fundamentals of Programming', 2, 3, 'lec', '', 236),
(109, 7, 1, 1, 33, 'CS-Prog111', 'Fundamentals of Programming', 1, 3, 'lab', '', 236),
(110, 8, 1, 2, 17, 'STS121', 'Science, Technology & Society', 3, 3, 'lec', '', 281),
(111, 7, 1, 1, 34, 'NSTP111', 'National Service Training Prog1', 3, 3, 'lec', '', 149),
(112, 8, 1, 2, 21, 'Draft121', 'Technical Drafting', 3, 1, 'lec', '', 548),
(113, 7, 1, 1, 34, 'PE111', 'Physical Fitness 1', 2, 2, 'lec', '', 349),
(114, 8, 1, 2, 21, 'Opt121', 'Productivity Tools 1', 3, 2, 'lec', '', 395),
(115, 8, 1, 2, 21, 'Opt121', 'Productivity Tools 1', 3, 2, 'lab', '', 395),
(116, 8, 1, 2, 20, 'Cpe-Eco121', 'Engineering Economics', 3, 3, 'lec', '', 715),
(117, 7, 1, 2, 36, 'MAT121', 'Discrete Structures 1', 3, 3, 'lec', '', 792),
(118, 8, 1, 2, 17, 'Physics121', 'Physics for Engineers', 3, 2, 'lec', '', 653),
(119, 8, 1, 2, 17, 'Physics121', 'Physics for Engineers', 3, 2, 'lab', '', 653),
(120, 7, 1, 2, 32, 'STS121', 'Science, Technology & Society', 3, 3, 'lec', '', 896),
(121, 8, 1, 2, 17, 'Hist121', 'Readings in Philippine History', 3, 3, 'lec', '', 986),
(122, 8, 1, 2, 19, 'NSTP121', 'National Service Training Prog2', 3, 3, 'lec', '', 493),
(123, 8, 1, 2, 17, 'MAT122', 'Calculus 1', 3, 3, 'lec', '', 318),
(124, 7, 1, 2, 32, 'Socio121', 'Social Issues & Professional Practice', 3, 3, 'lec', '', 217),
(125, 8, 1, 2, 19, 'PE121', 'Rythmic Activities', 2, 2, 'lec', '', 861),
(126, 7, 1, 2, 33, 'CS-Prog121', 'Computer Programming 2', 2, 3, 'lec', '', 712),
(127, 7, 1, 2, 33, 'CS-Prog121', 'Computer Programming 2', 1, 3, 'lab', '', 712),
(128, 7, 1, 2, 35, 'CS-HC1211', 'Introduction to Human Computer Interaction', 2, 3, 'lec', '', 187),
(129, 7, 1, 2, 35, 'CS-HC1211', 'Introduction to Human Computer Interaction', 1, 3, 'lab', '', 187),
(130, 8, 2, 3, 21, 'CpE-Datstruct201', 'Data Structures & Algorithm Analysis', 3, 4, 'lec', '', 562),
(131, 8, 2, 3, 21, 'CpE-Datstruct201', 'Data Structures & Algorithm Analysis', 3, 4, 'lab', '', 562),
(132, 8, 2, 3, 17, 'MAT201', 'Engineering  Data Analysis', 3, 3, 'lec', '', 956),
(133, 8, 2, 3, 21, 'OPT201', 'Productivity Tools 2', 3, 2, 'lec', '', 279),
(134, 8, 2, 3, 21, 'OPT201', 'Productivity Tools 2', 3, 2, 'lab', '', 279),
(135, 8, 2, 1, 20, 'CAD211', 'Computer-Aided Drafting', 3, 2, 'lec', '', 746),
(136, 8, 2, 1, 20, 'CAD211', 'Computer-Aided Drafting', 3, 2, 'lab', '', 746),
(137, 8, 2, 1, 20, 'CpE-OOP211', 'Object-Oriented Programming', 3, 3, 'lec', '', 196),
(138, 8, 2, 1, 20, 'CpE-OOP211', 'Object-Oriented Programming', 3, 3, 'lab', '', 196),
(139, 8, 2, 1, 17, 'CpE-EC211', 'Fundamentals of Electric Circuits', 3, 3, 'lec', '', 487),
(140, 8, 2, 1, 17, 'CpE-EC211', 'Fundamentals of Electric Circuits', 3, 3, 'lab', '', 487),
(141, 8, 2, 1, 17, 'MAT211', 'Calculus 2', 3, 3, 'lec', '', 749),
(142, 8, 2, 1, 17, 'Hum211', 'Art Appreciation', 3, 3, 'lec', '', 365),
(143, 8, 2, 1, 17, 'Socio211', 'The Contemporary World', 3, 3, 'lec', '', 568),
(144, 8, 2, 1, 17, 'Filipino211', 'Komonikasyon sa Akademikong Filipino', 3, 3, 'lec', '', 685),
(145, 8, 2, 1, 19, 'PE211', 'Individual Sports', 2, 2, 'lec', '', 948),
(146, 8, 2, 1, 21, 'Ethics211', 'Engineering Ethics', 3, 3, 'lec', '', 271),
(147, 8, 2, 2, 17, 'Filipino221', 'Panitikan', 3, 3, 'lec', '', 623),
(148, 8, 2, 2, 21, 'MAT221', 'Differential Equations', 3, 3, 'lec', '', 384),
(149, 8, 2, 2, 20, 'CpE-EC221', 'Fundamentals of Electronic Circuits', 3, 3, 'lec', '', 321),
(150, 8, 2, 2, 20, 'CpE-EC221', 'Fundamentals of Electronic Circuits', 3, 3, 'lab', '', 321),
(151, 8, 2, 2, 20, 'Cpe-SoftD221', 'Software Design', 3, 3, 'lec', '', 324),
(152, 8, 2, 2, 20, 'Cpe-SoftD221', 'Software Design', 3, 3, 'lab', '', 324),
(153, 8, 2, 2, 20, 'CPE-OS221', 'Operating Systems', 3, 3, 'lec', '', 924),
(154, 8, 2, 2, 20, 'CPE-OS221', 'Operating Systems', 3, 3, 'lab', '', 924),
(155, 8, 2, 2, 17, 'CpE-NUM221', 'Numerical Methods', 3, 3, 'lec', '', 254),
(156, 8, 2, 2, 20, 'ENVI-221', 'Environmental Engineering', 3, 3, 'lec', '', 179),
(157, 8, 2, 2, 19, 'PE221', 'Team Sports', 2, 2, 'lec', '', 496),
(158, 8, 2, 2, 20, 'CpE-TECEng221', 'Engineering Technologies in CpE', 3, 3, 'lec', '', 596),
(159, 8, 3, 3, 20, 'CpE-Techno301', 'Technopreneurship', 3, 3, 'lec', '', 651),
(160, 8, 3, 3, 20, 'CpE-Laws301', 'CpE Laws and Professional Practice', 3, 3, 'lec', '', 725),
(161, 8, 3, 3, 20, 'CpE-HDL301', 'Introduction to HDL', 3, 2, 'lec', '', 251),
(162, 8, 3, 3, 20, 'CpE-HDL301', 'Introduction to HDL', 3, 2, 'lab', '', 251),
(163, 8, 3, 1, 20, 'CpE-SenS311', 'Fundamentals of Mixed Signals and', 3, 3, 'lec', '', 827),
(164, 8, 3, 1, 20, 'CpE-SenS311', 'Fundamentals of Mixed Signals and', 3, 3, 'lab', '', 827),
(165, 8, 3, 1, 20, 'CpE-LDes311', 'Logic Circuits and Design', 3, 3, 'lec', '', 165),
(166, 8, 3, 1, 20, 'CpE-LDes311', 'Logic Circuits and Design', 3, 3, 'lab', '', 165),
(167, 8, 3, 1, 20, 'CpE-Dat311', 'Data and Digital Communications', 3, 3, 'lec', '', 847),
(168, 8, 3, 1, 20, 'CpE-Dat311', 'Data and Digital Communications', 3, 3, 'lab', '', 847),
(169, 8, 3, 1, 20, 'CpE-Cont311', 'Feedback and Control Systems', 3, 3, 'lec', '', 274),
(170, 8, 3, 1, 20, 'CpE-Cont311', 'Feedback and Control Systems', 3, 3, 'lab', '', 274),
(171, 8, 3, 1, 20, 'CpE-Research311', 'CPE Research', 3, 3, 'lec', '', 638),
(172, 8, 3, 1, 17, 'Filipino311', 'Masining na Pagpapahayag', 3, 3, 'lec', '', 135),
(173, 8, 3, 1, 20, 'CpE-Ele311', 'Introduction to Robotics', 3, 3, 'lec', '', 246),
(174, 8, 3, 1, 20, 'CpE-Ele311', 'Introduction to Robotics', 3, 3, 'lab', '', 246),
(175, 8, 3, 1, 20, 'CAD311', 'Computer Engineering Drafting & Design', 3, 2, 'lec', '', 512),
(176, 8, 3, 1, 20, 'CAD311', 'Computer Engineering Drafting & Design', 3, 2, 'lab', '', 512),
(177, 8, 3, 2, 21, 'CpE-Safe321', 'Basic Occupational Health & Safety', 3, 3, 'lec', '', 613),
(178, 8, 3, 2, 20, 'CpE-Netwrk321', 'Computer Network and Security', 3, 3, 'lec', '', 591),
(179, 8, 3, 2, 20, 'CpE-Netwrk321', 'Computer Network and Security', 3, 3, 'lab', '', 591),
(180, 8, 3, 2, 20, 'CpE-Micro321', 'Microprocessor', 3, 3, 'lec', '', 462),
(181, 8, 3, 2, 20, 'CpE-Micro321', 'Microprocessor', 3, 3, 'lab', '', 462),
(182, 8, 3, 2, 20, 'Cpe-Research321', 'Methods of Research', 3, 3, 'lec', '', 594),
(183, 8, 3, 2, 20, 'Cpe-Mgnt321', 'Engineering Management', 3, 3, 'lec', '', 421),
(184, 8, 3, 2, 20, 'Cpe-Ele321', 'Robot Dynamics', 3, 3, 'lec', '', 894),
(185, 8, 3, 2, 20, 'Cpe-Ele321', 'Robot Dynamics', 3, 3, 'lab', '', 894),
(186, 8, 3, 2, 20, 'Cpe-Free-Ele321', 'Business Analytics', 3, 3, 'lec', '', 375),
(187, 8, 3, 2, 17, 'Rizal321', 'Life & Works of Dr. Jose Rizal', 3, 3, 'lec', '', 813),
(188, 8, 4, 3, 17, 'CpE-PRAC401', 'Practicum/OJT', 6, 6, 'lec', '', 359),
(189, 8, 4, 1, 20, 'CpE-AO411', 'Computer Architecture & Organization', 3, 3, 'lec', '', 713),
(190, 8, 4, 1, 20, 'CpE-AO411', 'Computer Architecture & Organization', 3, 3, 'lab', '', 713),
(191, 8, 4, 1, 20, 'CpE-ELE411', 'Robot Design', 3, 3, 'lec', '', 391),
(192, 8, 4, 1, 20, 'CpE-ELE411', 'Robot Design', 3, 3, 'lab', '', 391),
(193, 8, 4, 2, 20, 'CpE-ProjDe421', 'CpE Practice and Design 2', 6, 9, 'lec', '', 367),
(194, 8, 4, 2, 20, 'CpE-ProjDe421', 'CpE Practice and Design 2', 3, 9, 'lab', '', 367),
(195, 8, 4, 1, 20, 'CpE-DSP411', 'Digital Signal Processing', 3, 3, 'lec', '', 792),
(196, 8, 4, 1, 20, 'CpE-DSP411', 'Digital Signal Processing', 3, 3, 'lab', '', 792),
(197, 8, 4, 2, 18, 'CpE-Seminar421', 'CpE Seminars and Field Trips', 3, 3, 'lec', '', 839),
(198, 8, 4, 1, 20, 'CpE-ProjDe411', 'CpE Practice and Design 1', 6, 9, 'lec', '', 589),
(199, 8, 4, 1, 20, 'CpE-ProjDe411', 'CpE Practice and Design 1', 3, 9, 'lab', '', 589),
(200, 8, 4, 2, 20, 'CpE-ES421', 'Embedded Systems', 3, 3, 'lec', '', 532),
(201, 8, 4, 2, 20, 'CpE-ES421', 'Embedded Systems', 3, 3, 'lab', '', 532),
(202, 8, 4, 1, 20, 'CpE-Free-Ele411', 'Analytics Modelling Technologies and Tools', 3, 1, 'lec', '', 695),
(203, 7, 4, 1, 35, 'CS-CertExam411', 'Philnits/Microsoft/TESDA', 3, 3, 'lec', '', 741),
(204, 8, 1, 2, 18, 'Cpe-HDL121', 'Introduction to HDL', 3, 2, 'lec', '', 842),
(205, 8, 1, 2, 18, 'Cpe-HDL121', 'Introduction to HDL', 3, 2, 'lab', '', 842),
(206, 1, 1, 1, 22, '*ENGLISH 01', 'English Plus', 3, 3, 'lec', '', 837),
(207, 1, 1, 1, 22, 'ENGLISH 1', 'Communication Arts 1', 3, 3, 'lec', '', 287),
(208, 1, 1, 1, 22, 'MATH 1', 'College Algebra', 3, 3, 'lec', '', 729),
(209, 1, 1, 1, 23, 'IT 1', 'IT Fundamentals', 3, 3, 'lec', '', 324),
(210, 1, 1, 1, 23, 'IT 2', 'Computer Programming 1', 3, 4, 'lec', '', 536),
(211, 1, 1, 1, 23, 'IT 2', 'Computer Programming 1', 1, 4, 'lab', '', 536),
(212, 1, 1, 1, 23, 'KB  1', 'Keyboarding 1', 3, 3, 'lab', '', 175),
(213, 1, 1, 1, 24, 'PE 1', 'Physical Fitness 1', 2, 2, 'lec', '', 314),
(214, 1, 1, 1, 24, 'NSTP 1', 'National Service Training Program 1', 3, 3, 'lec', '', 736),
(215, 1, 1, 1, 22, 'FILIPINO 1', 'Komunikasyon sa Akademikong Filipino', 3, 3, 'lec', '', 318),
(216, 1, 1, 2, 22, 'ENGLISH 2', 'Communications for IT', 3, 3, 'lec', '', 196),
(217, 1, 1, 2, 23, 'IT 3', 'Computer Programming 2', 3, 4, 'lec', '', 263),
(218, 1, 1, 2, 23, 'IT 3', 'Computer Programming 2', 1, 4, 'lab', '', 263),
(219, 1, 1, 2, 23, 'IT 4', 'Presentation Skills in IT', 3, 3, 'lec', '', 358),
(220, 1, 1, 2, 22, 'MATH 2', 'Trigonometry', 3, 3, 'lec', '', 973),
(221, 1, 1, 2, 25, 'IT 5', 'Fundamentals of Problem Solving', 3, 3, 'lec', '', 657),
(222, 1, 1, 2, 23, 'KB 2', 'Keyboarding 2', 3, 3, 'lab', '', 786),
(223, 1, 1, 2, 24, 'PE 2', 'Rhythmic Activities', 2, 2, 'lec', '', 692),
(224, 1, 1, 2, 24, 'NSTP 2', 'National Service Training Program 2', 3, 3, 'lec', '', 185),
(225, 1, 1, 2, 22, 'FILIPINO 2', 'Pagbasa at Pagsulat Tungo sa Pananaliksik', 3, 3, 'lec', '', 648),
(226, 1, 2, 3, 23, 'IT 4a', 'Quality Consiousness, Habits & Processes', 3, 3, 'lec', '', 219),
(227, 1, 2, 3, 22, 'Humanities 1', 'Philippine Literature', 3, 3, 'lec', '', 521),
(228, 1, 2, 1, 22, 'PHYSICS 1', 'Mechanics & Thermodynamics', 3, 3, 'lec', '', 321),
(229, 1, 2, 1, 25, 'IT 6', 'Computer & FIle Organization', 3, 3, 'lec', '', 679),
(230, 1, 2, 1, 25, 'IT 7', 'Object-Oriented Programming', 3, 4, 'lec', '', 695),
(231, 1, 2, 1, 25, 'IT 7', 'Object-Oriented Programming', 1, 4, 'lab', '', 695),
(232, 1, 2, 1, 25, 'IT 8', 'Operating System Applications', 2, 3, 'lec', '', 952),
(233, 1, 2, 1, 25, 'IT 8', 'Operating System Applications', 1, 3, 'lab', '', 952),
(234, 1, 2, 1, 22, 'MATH 3', 'Discrete Structures', 3, 3, 'lec', '', 528),
(235, 1, 2, 1, 22, 'ENGLISH 3', 'Speech & Oral Communication', 3, 3, 'lec', '', 517),
(236, 1, 2, 1, 22, 'SOC SCI 1', 'General Psychology  with Drug Prevention', 3, 3, 'lec', '', 359),
(237, 1, 2, 1, 22, 'FILIPINO 3', 'Masining na Pagpapahayag', 3, 3, 'lec', '', 573),
(238, 1, 2, 1, 24, 'PE 3', 'Individual Sports', 2, 2, 'lec', '', 137),
(239, 1, 2, 1, 22, 'HUMANITIES 2', 'Art, Man & Society', 3, 3, 'lec', '', 417),
(240, 1, 2, 2, 22, 'PHYSICS 2', 'Electricity & Magnetism', 3, 3, 'lec', '', 139),
(241, 1, 2, 2, 26, 'IT-ELE 1', 'Data Comm. & Computer Networks', 3, 3, 'lec', '', 349),
(242, 1, 2, 2, 25, 'IT 9', 'Database Management System 1', 2, 3, 'lec', '', 584),
(243, 1, 2, 2, 25, 'IT 9', 'Database Management System 1', 1, 3, 'lab', '', 584),
(244, 1, 2, 2, 26, 'IT-ELE 2', 'Web Page Design & Development', 2, 3, 'lec', '', 345),
(245, 1, 2, 2, 26, 'IT-ELE 2', 'Web Page Design & Development', 1, 3, 'lab', '', 345),
(246, 1, 2, 2, 25, 'ITPRAC', 'Practicum/OJT', 3, 3, 'lec', '', 479),
(247, 1, 2, 2, 25, 'IT 10', 'System Analysis & Design', 3, 3, 'lec', '', 734),
(248, 1, 2, 2, 22, 'MATH 4', 'Probability and Statistics', 3, 3, 'lec', '', 926),
(249, 1, 2, 2, 22, 'SOC SCI 2', 'Professional Ethics with Values Formation', 3, 3, 'lec', '', 527),
(250, 1, 2, 2, 22, 'ENGLISH 4', 'Business English & Correspondence', 3, 3, 'lec', '', 937),
(251, 1, 2, 2, 24, 'PE 4', 'Team Sports', 2, 2, 'lec', '', 452),
(252, 4, 1, 1, 9, '*ENGLISH 01', 'English Plus', 3, 3, 'lec', '', 359),
(253, 4, 1, 1, 9, 'ENGLISH 1', 'Communication Arts 1', 3, 3, 'lec', '', 179),
(254, 4, 1, 1, 9, 'MATH 1', 'College Algebra', 3, 3, 'lec', '', 389),
(255, 4, 1, 1, 6, 'CS 1', 'CS Fundamentals', 3, 3, 'lec', '', 259),
(256, 4, 1, 1, 6, 'CS 2', 'Computer Programming 1', 3, 4, 'lec', '', 921),
(257, 4, 1, 1, 6, 'CS 2', 'Computer Programming 1', 1, 4, 'lab', '', 921),
(258, 4, 1, 1, 6, 'KB 1', 'Keyboarding 1', 3, 3, 'lab', '', 249),
(259, 4, 1, 1, 10, 'PE 1', 'Physical Fitness 1', 2, 2, 'lec', '', 128),
(260, 4, 1, 1, 10, 'NSTP 1', 'National Service Training Program 1', 3, 3, 'lec', '', 782),
(261, 4, 1, 1, 9, 'ACCOUNTING 1', 'Accounting Principles', 3, 3, 'lec', '', 649),
(262, 4, 1, 2, 9, 'ENGLISH 2', 'Communications for IT', 3, 3, 'lec', '', 813),
(263, 4, 1, 2, 6, 'CS 3', 'Computer Programming 2', 3, 4, 'lec', '', 785),
(264, 4, 1, 2, 6, 'CS 3', 'Computer Programming 2', 1, 4, 'lab', '', 785),
(265, 4, 1, 2, 6, 'CS 4', 'Data Structure', 3, 3, 'lec', '', 547),
(266, 4, 1, 2, 9, 'MATH 2', 'Trigonometry', 3, 3, 'lec', '', 732),
(267, 4, 1, 2, 9, 'ECON 1', 'Economics w/ Taxation & Agrarian Reform', 3, 3, 'lec', '', 762),
(268, 4, 1, 2, 6, 'KB 2', 'Keyboarding 2', 3, 3, 'lab', '', 825),
(269, 4, 1, 2, 10, 'PE 2', 'Rhythmic Activities', 2, 2, 'lec', '', 736),
(270, 4, 1, 2, 10, 'NSTP 2', 'National Service Training Program 2', 3, 3, 'lec', '', 482),
(271, 4, 2, 1, 9, 'PHYSICS 1', 'Mechanics & Thermodynamics', 3, 3, 'lec', '', 258),
(272, 4, 2, 1, 7, 'CS 5', 'Object-Oriented Programming', 3, 4, 'lec', '', 256),
(273, 4, 2, 1, 7, 'CS 5', 'Object-Oriented Programming', 1, 4, 'lab', '', 256),
(274, 4, 2, 1, 7, 'CS 6', 'Design & Analysis of Algorithm', 3, 3, 'lec', '', 843),
(275, 4, 2, 1, 9, 'MATH 3', 'Discrete Structures', 3, 3, 'lec', '', 147),
(276, 4, 2, 1, 9, 'ENGLISH 3', 'Speech & Oral Communication', 3, 3, 'lec', '', 853),
(277, 4, 2, 1, 9, 'MATH 4', 'Calculus', 3, 3, 'lec', '', 894),
(278, 4, 2, 1, 9, 'SOC SCI 1', 'General Psychology with Drug Prevention', 3, 3, 'lec', '', 415),
(279, 4, 2, 1, 10, 'PE 3', 'Individual Sports', 2, 2, 'lec', '', 971),
(280, 4, 2, 2, 9, 'PHYSICS 2', 'Electricity & Magnetism', 3, 3, 'lec', '', 962),
(281, 4, 2, 2, 7, 'CS 7', 'Automata & Language Theory', 3, 3, 'lec', '', 251),
(282, 4, 2, 2, 7, 'CS 8', 'Database Management System 1', 2, 3, 'lec', '', 278),
(283, 4, 2, 2, 7, 'CS 8', 'Database Management System 1', 1, 3, 'lab', '', 278),
(284, 4, 2, 2, 7, 'CS 9', 'System Analysis & Design', 3, 3, 'lec', '', 379),
(285, 4, 2, 2, 6, 'CS 10', 'Logic Design & Switching Theory', 3, 3, 'lec', '', 642),
(286, 4, 2, 2, 9, 'MATH 5', 'Probability & Statistics', 3, 3, 'lec', '', 728),
(287, 4, 2, 2, 9, 'HUMANITIES 1', 'Art, Man & Society', 3, 3, 'lec', '', 125),
(288, 4, 2, 2, 9, 'ENGLISH 4', 'Business English & Correspondence', 3, 3, 'lec', '', 129),
(289, 4, 2, 2, 10, 'PE 4', 'Team Sports', 2, 2, 'lec', '', 741);

-- --------------------------------------------------------

--
-- Table structure for table `subject_req`
--

CREATE TABLE `subject_req` (
  `subReqID` int(11) NOT NULL,
  `subID` int(11) NOT NULL,
  `req_type` tinyint(11) NOT NULL,
  `req_subID` int(11) NOT NULL
) ENGINE=InnoDB DEFAULT CHARSET=latin1;

--
-- Dumping data for table `subject_req`
--

INSERT INTO `subject_req` (`subReqID`, `subID`, `req_type`, `req_subID`) VALUES
(7, 22, 1, 11),
(8, 23, 1, 12),
(17, 35, 1, 23),
(18, 37, 1, 34),
(21, 40, 1, 26),
(22, 40, 1, 28),
(23, 41, 1, 26),
(24, 41, 1, 28),
(25, 44, 1, 26),
(29, 49, 1, 35),
(32, 53, 1, 38),
(33, 54, 1, 38),
(34, 55, 1, 40),
(35, 56, 1, 40),
(36, 57, 1, 48),
(37, 58, 1, 38),
(38, 59, 1, 38),
(39, 60, 1, 37),
(44, 71, 1, 38),
(46, 74, 1, 70),
(49, 77, 1, 51),
(53, 82, 1, 78),
(54, 13, 1, 5),
(55, 16, 1, 9),
(56, 17, 1, 9),
(57, 18, 1, 7),
(58, 19, 1, 7),
(59, 20, 1, 7),
(60, 24, 1, 16),
(61, 25, 1, 16),
(62, 26, 1, 16),
(63, 27, 1, 16),
(64, 28, 1, 16),
(65, 29, 1, 16),
(68, 32, 1, 16),
(69, 33, 1, 16),
(70, 38, 1, 24),
(71, 39, 1, 24),
(72, 45, 1, 20),
(73, 46, 1, 20),
(75, 48, 1, 13),
(76, 51, 1, 42),
(77, 52, 1, 42),
(80, 66, 1, 40),
(81, 67, 1, 40),
(82, 72, 1, 61),
(83, 75, 1, 62),
(84, 76, 1, 62),
(85, 78, 1, 74),
(86, 79, 1, 66),
(87, 80, 1, 66),
(88, 64, 1, 53),
(89, 65, 1, 53),
(90, 107, 1, 91),
(92, 118, 1, 89),
(93, 119, 1, 89),
(94, 117, 1, 99),
(95, 122, 1, 103),
(97, 125, 1, 106),
(98, 126, 1, 108),
(99, 127, 1, 108),
(100, 128, 1, 104),
(101, 129, 1, 104),
(108, 130, 1, 107),
(109, 131, 1, 107),
(112, 132, 1, 123),
(113, 133, 1, 114),
(114, 134, 1, 114),
(117, 137, 1, 130),
(118, 138, 1, 130),
(119, 139, 1, 97),
(120, 140, 1, 97),
(122, 145, 1, 125),
(123, 147, 1, 144),
(124, 148, 1, 141),
(125, 149, 1, 139),
(126, 150, 1, 139),
(127, 123, 1, 87),
(128, 151, 1, 137),
(129, 152, 1, 137),
(130, 153, 1, 137),
(131, 154, 1, 137),
(133, 157, 1, 145),
(134, 161, 1, 151),
(135, 162, 1, 151),
(136, 135, 1, 112),
(137, 136, 1, 112),
(138, 141, 1, 123),
(139, 155, 1, 141),
(140, 163, 1, 149),
(141, 164, 1, 149),
(142, 165, 1, 151),
(143, 166, 1, 151),
(144, 167, 1, 161),
(145, 168, 1, 161),
(146, 169, 1, 153),
(147, 170, 1, 153),
(148, 172, 1, 147),
(149, 175, 1, 135),
(150, 176, 1, 135),
(151, 178, 1, 165),
(152, 179, 1, 165),
(153, 180, 1, 163),
(154, 181, 1, 163),
(155, 182, 1, 171),
(156, 184, 1, 173),
(157, 185, 1, 173),
(158, 188, 1, 182),
(161, 191, 1, 184),
(162, 192, 1, 184),
(163, 195, 1, 163),
(164, 196, 1, 163),
(167, 200, 1, 191),
(168, 201, 1, 191),
(169, 202, 1, 186),
(174, 189, 1, 178),
(175, 190, 1, 178),
(176, 198, 1, 182),
(177, 199, 1, 182),
(178, 193, 1, 198),
(179, 194, 1, 198),
(180, 207, 2, 206),
(181, 216, 1, 207),
(182, 217, 1, 210),
(183, 218, 1, 210),
(184, 220, 1, 208),
(185, 221, 1, 209),
(186, 222, 1, 212),
(187, 223, 1, 213),
(188, 224, 1, 214),
(189, 225, 1, 215),
(190, 229, 1, 221),
(191, 230, 1, 217),
(192, 231, 1, 217),
(196, 235, 1, 216),
(197, 237, 1, 225),
(198, 238, 1, 223),
(199, 232, 1, 221),
(200, 233, 1, 221),
(201, 234, 1, 220),
(202, 240, 1, 228),
(203, 241, 1, 229),
(204, 242, 1, 230),
(205, 243, 1, 230),
(206, 244, 1, 242),
(207, 245, 1, 242),
(208, 247, 1, 242),
(209, 248, 1, 234),
(210, 250, 1, 235),
(211, 251, 1, 238),
(212, 262, 1, 253),
(213, 263, 1, 256),
(214, 264, 1, 256),
(215, 266, 1, 254),
(216, 268, 1, 258),
(217, 269, 1, 259),
(218, 270, 1, 260),
(219, 272, 1, 263),
(220, 273, 1, 263),
(221, 275, 1, 266),
(222, 276, 1, 262),
(223, 277, 1, 266),
(224, 279, 1, 269),
(225, 280, 1, 271),
(226, 281, 1, 274),
(227, 282, 1, 272),
(228, 283, 1, 272),
(229, 284, 1, 272),
(230, 286, 1, 275),
(231, 288, 1, 276),
(232, 289, 1, 279);

-- --------------------------------------------------------

--
-- Table structure for table `term`
--

CREATE TABLE `term` (
  `termID` int(11) NOT NULL,
  `semID` int(11) NOT NULL,
  `schoolYear` varchar(10) NOT NULL,
  `termStat` enum('active','inactive') NOT NULL
) ENGINE=InnoDB DEFAULT CHARSET=latin1;

--
-- Dumping data for table `term`
--

INSERT INTO `term` (`termID`, `semID`, `schoolYear`, `termStat`) VALUES
(53, 2, '2018-2019', 'inactive'),
(54, 1, '2018-2019', 'inactive'),
(55, 3, '2018-2019', 'inactive'),
(56, 3, '2017-2018', 'inactive'),
(57, 1, '2017-2018', 'inactive'),
(58, 2, '2017-2018', 'inactive'),
(59, 3, '2016-2017', 'inactive'),
(60, 1, '2016-2017', 'inactive'),
(61, 2, '2016-2017', 'inactive'),
(62, 1, '2019-2020', 'active');

-- --------------------------------------------------------

--
-- Table structure for table `users`
--

CREATE TABLE `users` (
  `uID` int(11) NOT NULL,
  `roleID` int(11) NOT NULL,
  `userName` varchar(20) CHARACTER SET latin1 COLLATE latin1_general_cs NOT NULL,
  `userPass` varchar(50) CHARACTER SET latin1 COLLATE latin1_general_cs NOT NULL,
  `fn` varchar(25) NOT NULL,
  `mn` varchar(20) NOT NULL,
  `ln` varchar(20) NOT NULL,
  `dob` date NOT NULL,
  `sex` enum('Male','Female') NOT NULL,
  `address` varchar(100) NOT NULL,
  `cn` varchar(10) NOT NULL,
  `email` varchar(40) NOT NULL,
  `status` enum('inactive','active') NOT NULL,
  `date_created` timestamp NOT NULL DEFAULT CURRENT_TIMESTAMP ON UPDATE CURRENT_TIMESTAMP
) ENGINE=InnoDB DEFAULT CHARSET=latin1;

--
-- Dumping data for table `users`
--

INSERT INTO `users` (`uID`, `roleID`, `userName`, `userPass`, `fn`, `mn`, `ln`, `dob`, `sex`, `address`, `cn`, `email`, `status`, `date_created`) VALUES
(1, 1, 'admin', 'Iamadmin1', 'Cheryl', 'M', 'Tarre', '1997-10-24', 'Female', 'Kalimot ko street', '9343438534', 'cheryl@gmail.com', 'active', '2019-02-16 04:56:33'),
(47, 3, 'Prawn', 'Aprawn123', 'Angelica', '', 'Prawn', '1999-09-27', 'Female', 'Ormoc City', '2147483647', 'angelica@gmail.com', 'active', '2019-02-13 02:55:28'),
(54, 3, 'Passion', 'Rpassion123', 'Reyjoy', '', 'Passion', '2008-09-23', 'Male', 'Ormoc city', '2147483647', 'rey@gmail.com', 'active', '2019-02-13 02:55:39'),
(106, 2, 'Bernardo', 'Mbernardo123', 'Mark', '', 'Bernardo', '1992-10-30', 'Male', 'Ormoc City', '9121213939', '', 'active', '2019-02-13 03:09:12'),
(107, 2, 'Cantero', 'Jcantero123', 'Joscoro', '', 'Cantero', '1888-11-30', 'Male', 'Sanjuan', '9292726330', 'jojo@gmail.com', 'active', '2019-02-13 02:51:25'),
(108, 2, 'Phua', 'Wphua123', 'Wowhie', '', 'Phua', '1888-10-25', 'Male', 'Cogon Ormoc City', '0', 'wow@gmail.com', 'active', '2019-02-13 02:55:56'),
(109, 2, 'CoHat', 'Acohat123', 'Alexander', '', 'CoHat', '1888-09-24', 'Male', 'Ormoc City', '2147483647', 'alex@gmail.com', 'active', '2019-02-13 02:56:29'),
(110, 2, 'Quirino', 'Jquirino123', 'Jhay', '', 'Quirino', '1888-01-01', 'Male', 'Ormoc City', '2147483647', 'Q@gmail.com', 'active', '2019-02-13 02:56:43'),
(111, 2, 'Martinez', 'Mmartinez123', 'Martin', '', 'Martinez', '1888-01-01', 'Male', 'Ormoc City', '2147483647', 'mm@yahoo.com', 'active', '2019-02-13 02:56:55'),
(112, 2, 'Isip', 'Aisip123123', 'Apple', '', 'Isip', '1888-01-01', 'Female', 'Ormoc City', '2147483647', 'apple@gmail.com', 'active', '2019-02-13 05:50:39'),
(113, 2, 'Tarre', 'Ctarre123', 'Cheryl', '', 'Tarre', '1888-01-01', 'Female', 'Ormoc City', '2147483647', 'che@gmail.com', 'active', '2019-02-13 02:57:15'),
(114, 2, 'Lopez', 'Jlopez123', 'Jotham', '', 'Lopez', '1888-01-01', 'Male', 'Ormoc City', '2147483647', 'jot@gmail.com', 'active', '2019-02-13 02:57:23'),
(116, 2, 'temporary', 'temporary', '', '', '', '0000-00-00', '', '', '0', '', 'active', '2018-12-31 04:06:11'),
(117, 2, 'Gablino', 'Agablino123', 'Archiebald', '', 'Gablino', '1777-01-28', 'Male', 'Ormoc City', '0', 'Gablins@gmail.com', 'active', '2019-02-13 02:58:08'),
(119, 2, 'Leones', 'Nleones123', 'Nimfa', '', 'Leones', '1984-12-29', 'Female', '', '2147483647', 'aaka@gmail.com', 'active', '2019-02-13 02:58:16'),
(122, 2, 'Pedro', 'Alexander123', 'Juan', '', 'Pedro', '1888-11-26', 'Male', 'Ormoc City', '9123482716', 'alex@gmail.com', 'active', '2019-02-13 05:04:56'),
(124, 3, 'Paa', 'Marvin123', 'Marvin', 'Polenio', 'Paa', '2000-09-29', 'Male', 'Ormoc City', '9121212121', 'mar@gmail.com', 'active', '2019-02-13 06:09:38'),
(133, 4, 'wjay.inclino', '9GrcLMVY', 'William Jay', '', 'Inclino', '1997-10-24', 'Male', '', '', 'wjay.inclino@gmail.com', 'active', '2019-02-24 12:36:27'),
(134, 4, 'angelbanez012099', 'RJAzWDOw', 'Angel Jean', 'Quinte', 'Baez', '1999-01-20', 'Female', 'Casilda, Merida Leyte', '9106024370', 'angelbanez012099@gmail.com', 'active', '2019-02-24 13:00:18'),
(135, 4, '', '', 'Raffy', '', 'Pacala', '1992-10-28', 'Male', 'Libertad Isabel', '', '', 'inactive', '2019-02-21 10:51:30'),
(136, 4, '', '', 'Dave', '', 'Camasura', '2000-01-01', 'Male', '', '', '', 'inactive', '2019-02-21 11:11:49'),
(137, 4, '', '', 'Julito', '', 'Caquilala', '2000-01-01', 'Male', '', '', '', 'inactive', '2019-02-21 12:31:58'),
(138, 2, 'd', 'Asdfghjkl123', 'd', 'd', 'd', '2002-11-29', 'Male', 'Ormoc City', '9108372632', 'sad@gmail.com', 'active', '2019-02-23 12:39:56');

-- --------------------------------------------------------

--
-- Table structure for table `year`
--

CREATE TABLE `year` (
  `yearID` int(11) NOT NULL,
  `duration` int(11) NOT NULL,
  `yearDesc` varchar(10) NOT NULL
) ENGINE=InnoDB DEFAULT CHARSET=latin1;

--
-- Dumping data for table `year`
--

INSERT INTO `year` (`yearID`, `duration`, `yearDesc`) VALUES
(1, 1, '1st Year'),
(2, 2, '2nd Year'),
(3, 3, '3rd Year'),
(4, 4, '4th Year'),
(5, 5, '5th Year');

-- --------------------------------------------------------

--
-- Table structure for table `year_req`
--

CREATE TABLE `year_req` (
  `yrID` int(11) NOT NULL,
  `subID` int(11) NOT NULL,
  `yearID` int(11) NOT NULL
) ENGINE=InnoDB DEFAULT CHARSET=latin1;

--
-- Indexes for dumped tables
--

--
-- Indexes for table `access_rights`
--
ALTER TABLE `access_rights`
  ADD PRIMARY KEY (`id`),
  ADD KEY `uID` (`uID`);

--
-- Indexes for table `class`
--
ALTER TABLE `class`
  ADD PRIMARY KEY (`classID`),
  ADD UNIQUE KEY `classID` (`classID`),
  ADD KEY `term_id` (`termID`),
  ADD KEY `sub_id` (`subID`),
  ADD KEY `room_id` (`roomID`),
  ADD KEY `user_id` (`facID`),
  ADD KEY `secID` (`secID`),
  ADD KEY `dayID` (`dayID`);

--
-- Indexes for table `counter`
--
ALTER TABLE `counter`
  ADD PRIMARY KEY (`countID`);

--
-- Indexes for table `counter2`
--
ALTER TABLE `counter2`
  ADD PRIMARY KEY (`countID`);

--
-- Indexes for table `course`
--
ALTER TABLE `course`
  ADD PRIMARY KEY (`courseID`),
  ADD UNIQUE KEY `courseID` (`courseID`);

--
-- Indexes for table `day`
--
ALTER TABLE `day`
  ADD PRIMARY KEY (`dayID`),
  ADD UNIQUE KEY `dayID` (`dayID`),
  ADD KEY `dayID_2` (`dayID`);

--
-- Indexes for table `enrolment_settings`
--
ALTER TABLE `enrolment_settings`
  ADD PRIMARY KEY (`id`);

--
-- Indexes for table `faculty`
--
ALTER TABLE `faculty`
  ADD PRIMARY KEY (`facID`),
  ADD UNIQUE KEY `uID` (`facID`),
  ADD KEY `user_logID` (`uID`);

--
-- Indexes for table `fac_spec`
--
ALTER TABLE `fac_spec`
  ADD PRIMARY KEY (`id`),
  ADD KEY `facID` (`facID`),
  ADD KEY `specID` (`specID`);

--
-- Indexes for table `fees`
--
ALTER TABLE `fees`
  ADD PRIMARY KEY (`feeID`),
  ADD UNIQUE KEY `feeID` (`feeID`),
  ADD KEY `term_id` (`termID`);

--
-- Indexes for table `grade_formula`
--
ALTER TABLE `grade_formula`
  ADD PRIMARY KEY (`id`);

--
-- Indexes for table `grade_metric`
--
ALTER TABLE `grade_metric`
  ADD PRIMARY KEY (`entryID`);

--
-- Indexes for table `guardian`
--
ALTER TABLE `guardian`
  ADD PRIMARY KEY (`guardID`),
  ADD KEY `uID` (`uID`),
  ADD KEY `studID` (`studID`);

--
-- Indexes for table `modules`
--
ALTER TABLE `modules`
  ADD PRIMARY KEY (`id`);

--
-- Indexes for table `payments`
--
ALTER TABLE `payments`
  ADD PRIMARY KEY (`id`),
  ADD KEY `studID` (`studID`),
  ADD KEY `uID` (`uID`),
  ADD KEY `feeID` (`feeID`),
  ADD KEY `trans_feeID` (`trans_feeID`);

--
-- Indexes for table `prospectus`
--
ALTER TABLE `prospectus`
  ADD PRIMARY KEY (`prosID`),
  ADD UNIQUE KEY `prosID_2` (`prosID`),
  ADD KEY `course_id` (`courseID`),
  ADD KEY `prosID` (`prosID`);

--
-- Indexes for table `registration`
--
ALTER TABLE `registration`
  ADD PRIMARY KEY (`regID`);

--
-- Indexes for table `reg_guardian`
--
ALTER TABLE `reg_guardian`
  ADD PRIMARY KEY (`id`);

--
-- Indexes for table `reports`
--
ALTER TABLE `reports`
  ADD PRIMARY KEY (`id`);

--
-- Indexes for table `requisite_type`
--
ALTER TABLE `requisite_type`
  ADD PRIMARY KEY (`req_type`),
  ADD UNIQUE KEY `typeID` (`req_type`);

--
-- Indexes for table `role`
--
ALTER TABLE `role`
  ADD PRIMARY KEY (`roleID`),
  ADD UNIQUE KEY `roleID` (`roleID`);

--
-- Indexes for table `room`
--
ALTER TABLE `room`
  ADD PRIMARY KEY (`roomID`),
  ADD UNIQUE KEY `roomID` (`roomID`);

--
-- Indexes for table `room_spec`
--
ALTER TABLE `room_spec`
  ADD PRIMARY KEY (`id`),
  ADD KEY `roomID` (`roomID`),
  ADD KEY `specID` (`specID`);

--
-- Indexes for table `section`
--
ALTER TABLE `section`
  ADD PRIMARY KEY (`secID`),
  ADD UNIQUE KEY `secID` (`secID`),
  ADD KEY `courseID` (`courseID`);

--
-- Indexes for table `semester`
--
ALTER TABLE `semester`
  ADD PRIMARY KEY (`semID`),
  ADD UNIQUE KEY `semID` (`semID`);

--
-- Indexes for table `specialization`
--
ALTER TABLE `specialization`
  ADD PRIMARY KEY (`specID`),
  ADD KEY `prosID` (`prosID`);

--
-- Indexes for table `staff`
--
ALTER TABLE `staff`
  ADD PRIMARY KEY (`staffID`),
  ADD UNIQUE KEY `uID` (`staffID`),
  ADD KEY `user_logID` (`uID`);

--
-- Indexes for table `studclass`
--
ALTER TABLE `studclass`
  ADD PRIMARY KEY (`scID`),
  ADD UNIQUE KEY `scID` (`scID`),
  ADD KEY `class_id` (`classID`),
  ADD KEY `sid` (`studID`);

--
-- Indexes for table `student`
--
ALTER TABLE `student`
  ADD PRIMARY KEY (`studID`),
  ADD UNIQUE KEY `studID` (`studID`),
  ADD KEY `yearID` (`yearID`),
  ADD KEY `uID` (`uID`);

--
-- Indexes for table `studgrade`
--
ALTER TABLE `studgrade`
  ADD PRIMARY KEY (`sgID`),
  ADD UNIQUE KEY `sgID` (`sgID`),
  ADD KEY `studID` (`studID`),
  ADD KEY `subID` (`subID`),
  ADD KEY `uID` (`uID`),
  ADD KEY `termID` (`termID`);

--
-- Indexes for table `studprospectus`
--
ALTER TABLE `studprospectus`
  ADD PRIMARY KEY (`spID`),
  ADD UNIQUE KEY `spID` (`spID`),
  ADD KEY `sid` (`studID`),
  ADD KEY `pros_id` (`prosID`);

--
-- Indexes for table `studrec_per_term`
--
ALTER TABLE `studrec_per_term`
  ADD PRIMARY KEY (`id`),
  ADD KEY `studID` (`studID`),
  ADD KEY `yearID` (`yearID`),
  ADD KEY `termID` (`termID`),
  ADD KEY `prosID` (`prosID`);

--
-- Indexes for table `stud_fee`
--
ALTER TABLE `stud_fee`
  ADD PRIMARY KEY (`sfID`),
  ADD UNIQUE KEY `sfID` (`sfID`),
  ADD KEY `sid` (`studID`),
  ADD KEY `fee_id` (`feeID`);

--
-- Indexes for table `subject`
--
ALTER TABLE `subject`
  ADD PRIMARY KEY (`subID`),
  ADD UNIQUE KEY `subID` (`subID`),
  ADD KEY `prosID` (`prosID`,`yearID`,`semID`),
  ADD KEY `yearID` (`yearID`),
  ADD KEY `semID` (`semID`),
  ADD KEY `specID` (`specID`);

--
-- Indexes for table `subject_req`
--
ALTER TABLE `subject_req`
  ADD PRIMARY KEY (`subReqID`),
  ADD UNIQUE KEY `subReqID` (`subReqID`),
  ADD KEY `subID` (`subID`),
  ADD KEY `typeID` (`req_type`),
  ADD KEY `req_subID` (`req_subID`);

--
-- Indexes for table `term`
--
ALTER TABLE `term`
  ADD PRIMARY KEY (`termID`),
  ADD UNIQUE KEY `termID` (`termID`),
  ADD KEY `semID` (`semID`);

--
-- Indexes for table `users`
--
ALTER TABLE `users`
  ADD PRIMARY KEY (`uID`),
  ADD UNIQUE KEY `logID` (`uID`),
  ADD KEY `uID` (`roleID`);

--
-- Indexes for table `year`
--
ALTER TABLE `year`
  ADD PRIMARY KEY (`yearID`),
  ADD UNIQUE KEY `yearID` (`yearID`);

--
-- Indexes for table `year_req`
--
ALTER TABLE `year_req`
  ADD PRIMARY KEY (`yrID`),
  ADD UNIQUE KEY `yrID` (`yrID`),
  ADD KEY `subID` (`subID`),
  ADD KEY `yearID` (`yearID`);

--
-- AUTO_INCREMENT for dumped tables
--

--
-- AUTO_INCREMENT for table `access_rights`
--
ALTER TABLE `access_rights`
  MODIFY `id` int(11) NOT NULL AUTO_INCREMENT, AUTO_INCREMENT=29;

--
-- AUTO_INCREMENT for table `class`
--
ALTER TABLE `class`
  MODIFY `classID` int(11) NOT NULL AUTO_INCREMENT, AUTO_INCREMENT=263;

--
-- AUTO_INCREMENT for table `counter`
--
ALTER TABLE `counter`
  MODIFY `countID` int(11) NOT NULL AUTO_INCREMENT, AUTO_INCREMENT=22;

--
-- AUTO_INCREMENT for table `counter2`
--
ALTER TABLE `counter2`
  MODIFY `countID` int(11) NOT NULL AUTO_INCREMENT, AUTO_INCREMENT=18;

--
-- AUTO_INCREMENT for table `course`
--
ALTER TABLE `course`
  MODIFY `courseID` int(11) NOT NULL AUTO_INCREMENT, AUTO_INCREMENT=378;

--
-- AUTO_INCREMENT for table `day`
--
ALTER TABLE `day`
  MODIFY `dayID` int(11) NOT NULL AUTO_INCREMENT, AUTO_INCREMENT=4;

--
-- AUTO_INCREMENT for table `enrolment_settings`
--
ALTER TABLE `enrolment_settings`
  MODIFY `id` int(11) NOT NULL AUTO_INCREMENT, AUTO_INCREMENT=3;

--
-- AUTO_INCREMENT for table `faculty`
--
ALTER TABLE `faculty`
  MODIFY `facID` int(11) NOT NULL AUTO_INCREMENT, AUTO_INCREMENT=41;

--
-- AUTO_INCREMENT for table `fac_spec`
--
ALTER TABLE `fac_spec`
  MODIFY `id` int(11) NOT NULL AUTO_INCREMENT, AUTO_INCREMENT=166;

--
-- AUTO_INCREMENT for table `fees`
--
ALTER TABLE `fees`
  MODIFY `feeID` int(11) NOT NULL AUTO_INCREMENT, AUTO_INCREMENT=3;

--
-- AUTO_INCREMENT for table `grade_formula`
--
ALTER TABLE `grade_formula`
  MODIFY `id` int(11) NOT NULL AUTO_INCREMENT, AUTO_INCREMENT=2;

--
-- AUTO_INCREMENT for table `guardian`
--
ALTER TABLE `guardian`
  MODIFY `guardID` int(11) NOT NULL AUTO_INCREMENT;

--
-- AUTO_INCREMENT for table `modules`
--
ALTER TABLE `modules`
  MODIFY `id` int(11) NOT NULL AUTO_INCREMENT, AUTO_INCREMENT=37;

--
-- AUTO_INCREMENT for table `payments`
--
ALTER TABLE `payments`
  MODIFY `id` int(11) NOT NULL AUTO_INCREMENT;

--
-- AUTO_INCREMENT for table `prospectus`
--
ALTER TABLE `prospectus`
  MODIFY `prosID` int(11) NOT NULL AUTO_INCREMENT, AUTO_INCREMENT=9;

--
-- AUTO_INCREMENT for table `registration`
--
ALTER TABLE `registration`
  MODIFY `regID` int(11) NOT NULL AUTO_INCREMENT;

--
-- AUTO_INCREMENT for table `reg_guardian`
--
ALTER TABLE `reg_guardian`
  MODIFY `id` int(11) NOT NULL AUTO_INCREMENT;

--
-- AUTO_INCREMENT for table `reports`
--
ALTER TABLE `reports`
  MODIFY `id` int(11) NOT NULL AUTO_INCREMENT, AUTO_INCREMENT=2;

--
-- AUTO_INCREMENT for table `role`
--
ALTER TABLE `role`
  MODIFY `roleID` int(11) NOT NULL AUTO_INCREMENT, AUTO_INCREMENT=6;

--
-- AUTO_INCREMENT for table `room`
--
ALTER TABLE `room`
  MODIFY `roomID` int(11) NOT NULL AUTO_INCREMENT, AUTO_INCREMENT=37;

--
-- AUTO_INCREMENT for table `room_spec`
--
ALTER TABLE `room_spec`
  MODIFY `id` int(11) NOT NULL AUTO_INCREMENT, AUTO_INCREMENT=179;

--
-- AUTO_INCREMENT for table `section`
--
ALTER TABLE `section`
  MODIFY `secID` int(11) NOT NULL AUTO_INCREMENT, AUTO_INCREMENT=66;

--
-- AUTO_INCREMENT for table `semester`
--
ALTER TABLE `semester`
  MODIFY `semID` int(11) NOT NULL AUTO_INCREMENT, AUTO_INCREMENT=4;

--
-- AUTO_INCREMENT for table `specialization`
--
ALTER TABLE `specialization`
  MODIFY `specID` int(11) NOT NULL AUTO_INCREMENT, AUTO_INCREMENT=42;

--
-- AUTO_INCREMENT for table `staff`
--
ALTER TABLE `staff`
  MODIFY `staffID` int(11) NOT NULL AUTO_INCREMENT, AUTO_INCREMENT=4;

--
-- AUTO_INCREMENT for table `studclass`
--
ALTER TABLE `studclass`
  MODIFY `scID` int(11) NOT NULL AUTO_INCREMENT, AUTO_INCREMENT=38;

--
-- AUTO_INCREMENT for table `student`
--
ALTER TABLE `student`
  MODIFY `studID` int(11) NOT NULL AUTO_INCREMENT, AUTO_INCREMENT=13;

--
-- AUTO_INCREMENT for table `studgrade`
--
ALTER TABLE `studgrade`
  MODIFY `sgID` int(11) NOT NULL AUTO_INCREMENT, AUTO_INCREMENT=3;

--
-- AUTO_INCREMENT for table `studprospectus`
--
ALTER TABLE `studprospectus`
  MODIFY `spID` int(11) NOT NULL AUTO_INCREMENT, AUTO_INCREMENT=13;

--
-- AUTO_INCREMENT for table `studrec_per_term`
--
ALTER TABLE `studrec_per_term`
  MODIFY `id` int(11) NOT NULL AUTO_INCREMENT, AUTO_INCREMENT=6;

--
-- AUTO_INCREMENT for table `stud_fee`
--
ALTER TABLE `stud_fee`
  MODIFY `sfID` int(11) NOT NULL AUTO_INCREMENT, AUTO_INCREMENT=7;

--
-- AUTO_INCREMENT for table `subject`
--
ALTER TABLE `subject`
  MODIFY `subID` int(11) NOT NULL AUTO_INCREMENT, AUTO_INCREMENT=290;

--
-- AUTO_INCREMENT for table `subject_req`
--
ALTER TABLE `subject_req`
  MODIFY `subReqID` int(11) NOT NULL AUTO_INCREMENT, AUTO_INCREMENT=233;

--
-- AUTO_INCREMENT for table `term`
--
ALTER TABLE `term`
  MODIFY `termID` int(11) NOT NULL AUTO_INCREMENT, AUTO_INCREMENT=63;

--
-- AUTO_INCREMENT for table `users`
--
ALTER TABLE `users`
  MODIFY `uID` int(11) NOT NULL AUTO_INCREMENT, AUTO_INCREMENT=146;

--
-- AUTO_INCREMENT for table `year`
--
ALTER TABLE `year`
  MODIFY `yearID` int(11) NOT NULL AUTO_INCREMENT, AUTO_INCREMENT=6;

--
-- AUTO_INCREMENT for table `year_req`
--
ALTER TABLE `year_req`
  MODIFY `yrID` int(11) NOT NULL AUTO_INCREMENT;

--
-- Constraints for dumped tables
--

--
-- Constraints for table `access_rights`
--
ALTER TABLE `access_rights`
  ADD CONSTRAINT `access_rights_ibfk_1` FOREIGN KEY (`uID`) REFERENCES `users` (`uID`);

--
-- Constraints for table `class`
--
ALTER TABLE `class`
  ADD CONSTRAINT `class_ibfk_1` FOREIGN KEY (`facID`) REFERENCES `faculty` (`facID`),
  ADD CONSTRAINT `class_ibfk_2` FOREIGN KEY (`termID`) REFERENCES `term` (`termID`),
  ADD CONSTRAINT `class_ibfk_3` FOREIGN KEY (`subID`) REFERENCES `subject` (`subID`),
  ADD CONSTRAINT `class_ibfk_4` FOREIGN KEY (`roomID`) REFERENCES `room` (`roomID`),
  ADD CONSTRAINT `class_ibfk_5` FOREIGN KEY (`secID`) REFERENCES `section` (`secID`),
  ADD CONSTRAINT `class_ibfk_6` FOREIGN KEY (`dayID`) REFERENCES `day` (`dayID`);

--
-- Constraints for table `faculty`
--
ALTER TABLE `faculty`
  ADD CONSTRAINT `faculty_ibfk_2` FOREIGN KEY (`uID`) REFERENCES `users` (`uID`);

--
-- Constraints for table `fac_spec`
--
ALTER TABLE `fac_spec`
  ADD CONSTRAINT `fac_spec_ibfk_1` FOREIGN KEY (`specID`) REFERENCES `specialization` (`specID`),
  ADD CONSTRAINT `fac_spec_ibfk_2` FOREIGN KEY (`facID`) REFERENCES `faculty` (`facID`);

--
-- Constraints for table `fees`
--
ALTER TABLE `fees`
  ADD CONSTRAINT `fees_ibfk_1` FOREIGN KEY (`termID`) REFERENCES `term` (`termID`);

--
-- Constraints for table `guardian`
--
ALTER TABLE `guardian`
  ADD CONSTRAINT `guardian_ibfk_1` FOREIGN KEY (`uID`) REFERENCES `users` (`uID`);

--
-- Constraints for table `payments`
--
ALTER TABLE `payments`
  ADD CONSTRAINT `payments_ibfk_1` FOREIGN KEY (`studID`) REFERENCES `student` (`studID`),
  ADD CONSTRAINT `payments_ibfk_3` FOREIGN KEY (`uID`) REFERENCES `users` (`uID`),
  ADD CONSTRAINT `payments_ibfk_4` FOREIGN KEY (`feeID`) REFERENCES `fees` (`feeID`);

--
-- Constraints for table `prospectus`
--
ALTER TABLE `prospectus`
  ADD CONSTRAINT `prospectus_ibfk_1` FOREIGN KEY (`courseID`) REFERENCES `course` (`courseID`);

--
-- Constraints for table `room_spec`
--
ALTER TABLE `room_spec`
  ADD CONSTRAINT `room_spec_ibfk_1` FOREIGN KEY (`specID`) REFERENCES `specialization` (`specID`),
  ADD CONSTRAINT `room_spec_ibfk_2` FOREIGN KEY (`roomID`) REFERENCES `room` (`roomID`);

--
-- Constraints for table `section`
--
ALTER TABLE `section`
  ADD CONSTRAINT `section_ibfk_1` FOREIGN KEY (`courseID`) REFERENCES `course` (`courseID`);

--
-- Constraints for table `specialization`
--
ALTER TABLE `specialization`
  ADD CONSTRAINT `specialization_ibfk_1` FOREIGN KEY (`prosID`) REFERENCES `prospectus` (`prosID`);

--
-- Constraints for table `staff`
--
ALTER TABLE `staff`
  ADD CONSTRAINT `staff_ibfk_1` FOREIGN KEY (`uID`) REFERENCES `users` (`uID`);

--
-- Constraints for table `studclass`
--
ALTER TABLE `studclass`
  ADD CONSTRAINT `studclass_ibfk_2` FOREIGN KEY (`studID`) REFERENCES `student` (`studID`),
  ADD CONSTRAINT `studclass_ibfk_3` FOREIGN KEY (`classID`) REFERENCES `class` (`classID`);

--
-- Constraints for table `student`
--
ALTER TABLE `student`
  ADD CONSTRAINT `student_ibfk_1` FOREIGN KEY (`yearID`) REFERENCES `year` (`yearID`),
  ADD CONSTRAINT `student_ibfk_2` FOREIGN KEY (`uID`) REFERENCES `users` (`uID`);

--
-- Constraints for table `studgrade`
--
ALTER TABLE `studgrade`
  ADD CONSTRAINT `studgrade_ibfk_1` FOREIGN KEY (`studID`) REFERENCES `student` (`studID`),
  ADD CONSTRAINT `studgrade_ibfk_2` FOREIGN KEY (`subID`) REFERENCES `subject` (`subID`),
  ADD CONSTRAINT `studgrade_ibfk_5` FOREIGN KEY (`termID`) REFERENCES `term` (`termID`),
  ADD CONSTRAINT `studgrade_ibfk_6` FOREIGN KEY (`uID`) REFERENCES `users` (`uID`);

--
-- Constraints for table `studprospectus`
--
ALTER TABLE `studprospectus`
  ADD CONSTRAINT `studprospectus_ibfk_1` FOREIGN KEY (`studID`) REFERENCES `student` (`studID`),
  ADD CONSTRAINT `studprospectus_ibfk_2` FOREIGN KEY (`prosID`) REFERENCES `prospectus` (`prosID`);

--
-- Constraints for table `studrec_per_term`
--
ALTER TABLE `studrec_per_term`
  ADD CONSTRAINT `studrec_per_term_ibfk_1` FOREIGN KEY (`studID`) REFERENCES `student` (`studID`),
  ADD CONSTRAINT `studrec_per_term_ibfk_2` FOREIGN KEY (`yearID`) REFERENCES `year` (`yearID`),
  ADD CONSTRAINT `studrec_per_term_ibfk_4` FOREIGN KEY (`termID`) REFERENCES `term` (`termID`),
  ADD CONSTRAINT `studrec_per_term_ibfk_5` FOREIGN KEY (`prosID`) REFERENCES `prospectus` (`prosID`);

--
-- Constraints for table `stud_fee`
--
ALTER TABLE `stud_fee`
  ADD CONSTRAINT `stud_fee_ibfk_1` FOREIGN KEY (`studID`) REFERENCES `student` (`studID`),
  ADD CONSTRAINT `stud_fee_ibfk_2` FOREIGN KEY (`feeID`) REFERENCES `fees` (`feeID`);

--
-- Constraints for table `subject`
--
ALTER TABLE `subject`
  ADD CONSTRAINT `subject_ibfk_1` FOREIGN KEY (`prosID`) REFERENCES `prospectus` (`prosID`),
  ADD CONSTRAINT `subject_ibfk_2` FOREIGN KEY (`yearID`) REFERENCES `year` (`yearID`),
  ADD CONSTRAINT `subject_ibfk_3` FOREIGN KEY (`semID`) REFERENCES `semester` (`semID`),
  ADD CONSTRAINT `subject_ibfk_4` FOREIGN KEY (`specID`) REFERENCES `specialization` (`specID`);

--
-- Constraints for table `subject_req`
--
ALTER TABLE `subject_req`
  ADD CONSTRAINT `subject_req_ibfk_1` FOREIGN KEY (`subID`) REFERENCES `subject` (`subID`),
  ADD CONSTRAINT `subject_req_ibfk_3` FOREIGN KEY (`req_subID`) REFERENCES `subject` (`subID`);

--
-- Constraints for table `term`
--
ALTER TABLE `term`
  ADD CONSTRAINT `term_ibfk_1` FOREIGN KEY (`semID`) REFERENCES `semester` (`semID`);

--
-- Constraints for table `year_req`
--
ALTER TABLE `year_req`
  ADD CONSTRAINT `year_req_ibfk_1` FOREIGN KEY (`subID`) REFERENCES `subject` (`subID`),
  ADD CONSTRAINT `year_req_ibfk_2` FOREIGN KEY (`yearID`) REFERENCES `year` (`yearID`);
COMMIT;

/*!40101 SET CHARACTER_SET_CLIENT=@OLD_CHARACTER_SET_CLIENT */;
/*!40101 SET CHARACTER_SET_RESULTS=@OLD_CHARACTER_SET_RESULTS */;
/*!40101 SET COLLATION_CONNECTION=@OLD_COLLATION_CONNECTION */;
